placeholder,meaning of life,TLD,abra,kadabra,lorem,ipsum,apple,orange,tomato,potato
Lorem ipsum dolor sit,42,ABC,1,2,3,4,5,6,7,8
Etiam a dolor vitae est vestibulum,84,DEF
"Lorem ipsum dolor sit",42,ABC
Etiam a dolor vitae est vestibulum,84,DEF
Etiam a dolor vitae est vestibulum,84,DEF
Lorem ipsum dolor sit,42,ABC
Lorem ipsum dolor sit,42,ABC
Etiam a dolor vitae est vestibulum,84,DEF
Lorem ipsum dolor sit,42,ABC
Etiam a dolor vitae est vestibulum,84,DEF
Lorem ipsum dolor sit,42,ABC
Etiam a dolor vitae est vestibulum,84,DEF
Etiam a dolor vitae est vestibulum,84,DEF
Lorem ipsum dolor sit,42,ABC
Etiam a dolor vitae est vestibulum,84,DEF
Lorem ipsum dolor sit,42,ABC
Lorem ipsum dolor sit,42,ABC
Etiam a dolor vitae est vestibulum,84,DEF
Etiam a dolor vitae est vestibulum,84,DEF
Lorem ipsum dolor sit,42,ABC
Etiam a dolor vitae est vestibulum,84,DEF
Etiam a dolor vitae est vestibulum,84,DEF
Lorem ipsum dolor sit,42,ABC
Etiam a dolor vitae est vestibulum,84,DEF
Lorem ipsum dolor sit,42,ABC
Lorem ipsum dolor sit,42,ABC
Lorem ipsum dolor sit,42,ABC
Etiam a dolor vitae est vestibulum,84,DEF
Etiam a dolor vitae est vestibulum,84,DEF
Etiam a dolor vitae est vestibulum,84,DEF
Etiam a dolor vitae est vestibulum,84,DEF
Etiam a dolor vitae est vestibulum,84,DEF
Lorem ipsum dolor sit,42,ABC
Lorem ipsum dolor sit,42,ABC
Lorem ipsum dolor sit,42,ABC
Etiam a dolor vitae est vestibulum,84,DEF
Etiam a dolor vitae est vestibulum,84,DEF
Lorem ipsum dolor sit,42,ABC
Lorem ipsum dolor sit,42,ABC
Lorem ipsum dolor sit,42,ABC
Etiam a dolor vitae est vestibulum,84,DEF
Lorem ipsum dolor sit,42,ABC
Lorem ipsum dolor sit,42,ABC
Lorem ipsum dolor sit,42,ABC
Lorem ipsum dolor sit,42,ABC
Etiam a dolor vitae est vestibulum,84,DEF
Lorem ipsum dolor sit,42,ABC
Lorem ipsum dolor sit,42,ABC
Lorem ipsum dolor sit,42,ABC
Lorem ipsum dolor sit,42,ABC
Lorem ipsum dolor sit,42,ABC
Etiam a dolor vitae est vestibulum,84,DEF
Etiam a dolor vitae est vestibulum,84,DEF
Lorem ipsum dolor sit,42,ABC
Etiam a dolor vitae est vestibulum,84,DEF
Etiam a dolor vitae est vestibulum,84,DEF
Lorem ipsum dolor sit,42,ABC
Etiam a dolor vitae est vestibulum,84,DEF
Lorem ipsum dolor sit,42,ABC
Lorem ipsum dolor sit,42,ABC
Etiam a dolor vitae est vestibulum,84,DEF
Etiam a dolor vitae est vestibulum,84,DEF
Lorem ipsum dolor sit,42,ABC
Etiam a dolor vitae est vestibulum,84,DEF
Etiam a dolor vitae est vestibulum,84,DEF
Lorem ipsum dolor sit,42,ABC
Lorem ipsum dolor sit,42,ABC
Lorem ipsum dolor sit,42,ABC
Lorem ipsum dolor sit,42,ABC
Etiam a dolor vitae est vestibulum,84,DEF
Etiam a dolor vitae est vestibulum,84,DEF
Etiam a dolor vitae est vestibulum,84,DEF
Etiam a dolor vitae est vestibulum,84,DEF
Lorem ipsum dolor sit,42,ABC
Etiam a dolor vitae est vestibulum,84,DEF
Lorem ipsum dolor sit,42,ABC
Etiam a dolor vitae est vestibulum,84,DEF
Etiam a dolor vitae est vestibulum,84,DEF
Etiam a dolor vitae est vestibulum,84,DEF
Etiam a dolor vitae est vestibulum,84,DEF
Lorem ipsum dolor sit,42,ABC
Lorem ipsum dolor sit,42,ABC
Etiam a dolor vitae est vestibulum,84,DEF
Etiam a dolor vitae est vestibulum,84,DEF
Etiam a dolor vitae est vestibulum,84,DEF
Etiam a dolor vitae est vestibulum,84,DEF
Etiam a dolor vitae est vestibulum,84,DEF
Etiam a dolor vitae est vestibulum,84,DEF
Etiam a dolor vitae est vestibulum,84,DEF
Lorem ipsum dolor sit,42,ABC
Lorem ipsum dolor sit,42,ABC
Etiam a dolor vitae est vestibulum,84,DEF
Etiam a dolor vitae est vestibulum,84,DEF
Etiam a dolor vitae est vestibulum,84,DEF
Etiam a dolor vitae est vestibulum,84,DEF
Etiam a dolor vitae est vestibulum,84,DEF
Lorem ipsum dolor sit,42,ABC
Lorem ipsum dolor sit,42,ABC
Lorem ipsum dolor sit,42,ABC
Etiam a dolor vitae est vestibulum,84,DEF
Etiam a dolor vitae est vestibulum,84,DEF
Etiam a dolor vitae est vestibulum,84,DEF
Etiam a dolor vitae est vestibulum,84,DEF
Lorem ipsum dolor sit,42,ABC
Etiam a dolor vitae est vestibulum,84,DEF
Etiam a dolor vitae est vestibulum,84,DEF
Lorem ipsum dolor sit,42,ABC
Etiam a dolor vitae est vestibulum,84,DEF
Etiam a dolor vitae est vestibulum,84,DEF
Etiam a dolor vitae est vestibulum,84,DEF
Etiam a dolor vitae est vestibulum,84,DEF
Lorem ipsum dolor sit,42,ABC
Lorem ipsum dolor sit,42,ABC
Etiam a dolor vitae est vestibulum,84,DEF
Lorem ipsum dolor sit,42,ABC
Lorem ipsum dolor sit,42,ABC
Etiam a dolor vitae est vestibulum,84,DEF
Etiam a dolor vitae est vestibulum,84,DEF
Lorem ipsum dolor sit,42,ABC
Lorem ipsum dolor sit,42,ABC
Lorem ipsum dolor sit,42,ABC
Etiam a dolor vitae est vestibulum,84,DEF
Lorem ipsum dolor sit,42,ABC
Lorem ipsum dolor sit,42,ABC
Etiam a dolor vitae est vestibulum,84,DEF
Lorem ipsum dolor sit,42,ABC
Lorem ipsum dolor sit,42,ABC
Etiam a dolor vitae est vestibulum,84,DEF
Lorem ipsum dolor sit,42,ABC
Lorem ipsum dolor sit,42,ABC
Etiam a dolor vitae est vestibulum,84,DEF
Lorem ipsum dolor sit,42,ABC
Lorem ipsum dolor sit,42,ABC
Etiam a dolor vitae est vestibulum,84,DEF
Lorem ipsum dolor sit,42,ABC
Etiam a dolor vitae est vestibulum,84,DEF
Etiam a dolor vitae est vestibulum,84,DEF
Etiam a dolor vitae est vestibulum,84,DEF
Etiam a dolor vitae est vestibulum,84,DEF
Etiam a dolor vitae est vestibulum,84,DEF
Etiam a dolor vitae est vestibulum,84,DEF
Lorem ipsum dolor sit,42,ABC
Lorem ipsum dolor sit,42,ABC
Etiam a dolor vitae est vestibulum,84,DEF
Lorem ipsum dolor sit,42,ABC
Lorem ipsum dolor sit,42,ABC
Lorem ipsum dolor sit,42,ABC
Lorem ipsum dolor sit,42,ABC
Lorem ipsum dolor sit,42,ABC
Lorem ipsum dolor sit,42,ABC
Lorem ipsum dolor sit,42,ABC
Etiam a dolor vitae est vestibulum,84,DEF
Etiam a dolor vitae est vestibulum,84,DEF
Lorem ipsum dolor sit,42,ABC
Etiam a dolor vitae est vestibulum,84,DEF
Lorem ipsum dolor sit,42,ABC
Etiam a dolor vitae est vestibulum,84,DEF
Etiam a dolor vitae est vestibulum,84,DEF
Lorem ipsum dolor sit,42,ABC
Etiam a dolor vitae est vestibulum,84,DEF
Etiam a dolor vitae est vestibulum,84,DEF
Etiam a dolor vitae est vestibulum,84,DEF
Lorem ipsum dolor sit,42,ABC
Lorem ipsum dolor sit,42,ABC
Lorem ipsum dolor sit,42,ABC
Etiam a dolor vitae est vestibulum,84,DEF
Lorem ipsum dolor sit,42,ABC
Etiam a dolor vitae est vestibulum,84,DEF
Lorem ipsum dolor sit,42,ABC
Etiam a dolor vitae est vestibulum,84,DEF
Etiam a dolor vitae est vestibulum,84,DEF
Lorem ipsum dolor sit,42,ABC
Lorem ipsum dolor sit,42,ABC
Lorem ipsum dolor sit,42,ABC
Etiam a dolor vitae est vestibulum,84,DEF
Etiam a dolor vitae est vestibulum,84,DEF
Etiam a dolor vitae est vestibulum,84,DEF
Etiam a dolor vitae est vestibulum,84,DEF
Lorem ipsum dolor sit,42,ABC
Lorem ipsum dolor sit,42,ABC
Lorem ipsum dolor sit,42,ABC
Lorem ipsum dolor sit,42,ABC
Lorem ipsum dolor sit,42,ABC
Lorem ipsum dolor sit,42,ABC
Lorem ipsum dolor sit,42,ABC
Lorem ipsum dolor sit,42,ABC
Lorem ipsum dolor sit,42,ABC
Lorem ipsum dolor sit,42,ABC
Etiam a dolor vitae est vestibulum,84,DEF
Lorem ipsum dolor sit,42,ABC
Lorem ipsum dolor sit,42,ABC
Lorem ipsum dolor sit,42,ABC
Etiam a dolor vitae est vestibulum,84,DEF
Lorem ipsum dolor sit,42,ABC
Etiam a dolor vitae est vestibulum,84,DEF
Lorem ipsum dolor sit,42,ABC
Lorem ipsum dolor sit,42,ABC
Lorem ipsum dolor sit,42,ABC
Etiam a dolor vitae est vestibulum,84,DEF
Lorem ipsum dolor sit,42,ABC
Etiam a dolor vitae est vestibulum,84,DEF
Lorem ipsum dolor sit,42,ABC
Etiam a dolor vitae est vestibulum,84,DEF
Lorem ipsum dolor sit,42,ABC
Lorem ipsum dolor sit,42,ABC
Lorem ipsum dolor sit,42,ABC
Lorem ipsum dolor sit,42,ABC
Lorem ipsum dolor sit,42,ABC
Lorem ipsum dolor sit,42,ABC
Lorem ipsum dolor sit,42,ABC
Etiam a dolor vitae est vestibulum,84,DEF
Etiam a dolor vitae est vestibulum,84,DEF
Etiam a dolor vitae est vestibulum,84,DEF
Etiam a dolor vitae est vestibulum,84,DEF
Lorem ipsum dolor sit,42,ABC
Etiam a dolor vitae est vestibulum,84,DEF
Etiam a dolor vitae est vestibulum,84,DEF
Etiam a dolor vitae est vestibulum,84,DEF
Etiam a dolor vitae est vestibulum,84,DEF
Lorem ipsum dolor sit,42,ABC
Lorem ipsum dolor sit,42,ABC
Etiam a dolor vitae est vestibulum,84,DEF
Lorem ipsum dolor sit,42,ABC
Lorem ipsum dolor sit,42,ABC
Etiam a dolor vitae est vestibulum,84,DEF
Lorem ipsum dolor sit,42,ABC
Lorem ipsum dolor sit,42,ABC
Etiam a dolor vitae est vestibulum,84,DEF
Lorem ipsum dolor sit,42,ABC
Lorem ipsum dolor sit,42,ABC
Etiam a dolor vitae est vestibulum,84,DEF
Etiam a dolor vitae est vestibulum,84,DEF
Etiam a dolor vitae est vestibulum,84,DEF
Lorem ipsum dolor sit,42,ABC
Lorem ipsum dolor sit,42,ABC
Etiam a dolor vitae est vestibulum,84,DEF
Lorem ipsum dolor sit,42,ABC
Etiam a dolor vitae est vestibulum,84,DEF
Etiam a dolor vitae est vestibulum,84,DEF
Lorem ipsum dolor sit,42,ABC
Etiam a dolor vitae est vestibulum,84,DEF
Lorem ipsum dolor sit,42,ABC
Lorem ipsum dolor sit,42,ABC
Etiam a dolor vitae est vestibulum,84,DEF
Lorem ipsum dolor sit,42,ABC
Etiam a dolor vitae est vestibulum,84,DEF
Lorem ipsum dolor sit,42,ABC
Etiam a dolor vitae est vestibulum,84,DEF
Lorem ipsum dolor sit,42,ABC
Lorem ipsum dolor sit,42,ABC
Etiam a dolor vitae est vestibulum,84,DEF
Etiam a dolor vitae est vestibulum,84,DEF
Lorem ipsum dolor sit,42,ABC
Lorem ipsum dolor sit,42,ABC
Etiam a dolor vitae est vestibulum,84,DEF
Lorem ipsum dolor sit,42,ABC
Etiam a dolor vitae est vestibulum,84,DEF
Lorem ipsum dolor sit,42,ABC
Etiam a dolor vitae est vestibulum,84,DEF
Lorem ipsum dolor sit,42,ABC
Etiam a dolor vitae est vestibulum,84,DEF
Lorem ipsum dolor sit,42,ABC
Etiam a dolor vitae est vestibulum,84,DEF
Etiam a dolor vitae est vestibulum,84,DEF
Etiam a dolor vitae est vestibulum,84,DEF
Etiam a dolor vitae est vestibulum,84,DEF
Lorem ipsum dolor sit,42,ABC
Lorem ipsum dolor sit,42,ABC
Etiam a dolor vitae est vestibulum,84,DEF
Etiam a dolor vitae est vestibulum,84,DEF
Lorem ipsum dolor sit,42,ABC
Etiam a dolor vitae est vestibulum,84,DEF
Lorem ipsum dolor sit,42,ABC
Etiam a dolor vitae est vestibulum,84,DEF
Etiam a dolor vitae est vestibulum,84,DEF
Etiam a dolor vitae est vestibulum,84,DEF
Etiam a dolor vitae est vestibulum,84,DEF
Lorem ipsum dolor sit,42,ABC
Etiam a dolor vitae est vestibulum,84,DEF
Etiam a dolor vitae est vestibulum,84,DEF
Etiam a dolor vitae est vestibulum,84,DEF
Etiam a dolor vitae est vestibulum,84,DEF
Lorem ipsum dolor sit,42,ABC
Lorem ipsum dolor sit,42,ABC
Lorem ipsum dolor sit,42,ABC
Etiam a dolor vitae est vestibulum,84,DEF
Lorem ipsum dolor sit,42,ABC
Etiam a dolor vitae est vestibulum,84,DEF
Etiam a dolor vitae est vestibulum,84,DEF
Lorem ipsum dolor sit,42,ABC
Lorem ipsum dolor sit,42,ABC
Etiam a dolor vitae est vestibulum,84,DEF
Lorem ipsum dolor sit,42,ABC
Lorem ipsum dolor sit,42,ABC
Lorem ipsum dolor sit,42,ABC
Lorem ipsum dolor sit,42,ABC
Lorem ipsum dolor sit,42,ABC
Etiam a dolor vitae est vestibulum,84,DEF
Etiam a dolor vitae est vestibulum,84,DEF
Lorem ipsum dolor sit,42,ABC
Lorem ipsum dolor sit,42,ABC
Etiam a dolor vitae est vestibulum,84,DEF
Lorem ipsum dolor sit,42,ABC
Etiam a dolor vitae est vestibulum,84,DEF
Lorem ipsum dolor sit,42,ABC
Etiam a dolor vitae est vestibulum,84,DEF
Lorem ipsum dolor sit,42,ABC
Lorem ipsum dolor sit,42,ABC
Etiam a dolor vitae est vestibulum,84,DEF
Etiam a dolor vitae est vestibulum,84,DEF
Etiam a dolor vitae est vestibulum,84,DEF
Etiam a dolor vitae est vestibulum,84,DEF
Lorem ipsum dolor sit,42,ABC
Lorem ipsum dolor sit,42,ABC
Lorem ipsum dolor sit,42,ABC
Etiam a dolor vitae est vestibulum,84,DEF
Lorem ipsum dolor sit,42,ABC
Lorem ipsum dolor sit,42,ABC
Lorem ipsum dolor sit,42,ABC
Etiam a dolor vitae est vestibulum,84,DEF
Etiam a dolor vitae est vestibulum,84,DEF
Etiam a dolor vitae est vestibulum,84,DEF
Etiam a dolor vitae est vestibulum,84,DEF
Lorem ipsum dolor sit,42,ABC
Lorem ipsum dolor sit,42,ABC
Etiam a dolor vitae est vestibulum,84,DEF
Etiam a dolor vitae est vestibulum,84,DEF
Etiam a dolor vitae est vestibulum,84,DEF
Lorem ipsum dolor sit,42,ABC
Lorem ipsum dolor sit,42,ABC
Etiam a dolor vitae est vestibulum,84,DEF
Lorem ipsum dolor sit,42,ABC
Lorem ipsum dolor sit,42,ABC
Lorem ipsum dolor sit,42,ABC
Lorem ipsum dolor sit,42,ABC
Etiam a dolor vitae est vestibulum,84,DEF
Etiam a dolor vitae est vestibulum,84,DEF
Lorem ipsum dolor sit,42,ABC
Etiam a dolor vitae est vestibulum,84,DEF
Lorem ipsum dolor sit,42,ABC
Lorem ipsum dolor sit,42,ABC
Etiam a dolor vitae est vestibulum,84,DEF
Etiam a dolor vitae est vestibulum,84,DEF
Etiam a dolor vitae est vestibulum,84,DEF
Lorem ipsum dolor sit,42,ABC
Etiam a dolor vitae est vestibulum,84,DEF
Etiam a dolor vitae est vestibulum,84,DEF
Lorem ipsum dolor sit,42,ABC
Etiam a dolor vitae est vestibulum,84,DEF
Etiam a dolor vitae est vestibulum,84,DEF
Lorem ipsum dolor sit,42,ABC
Etiam a dolor vitae est vestibulum,84,DEF
Etiam a dolor vitae est vestibulum,84,DEF
Lorem ipsum dolor sit,42,ABC
Lorem ipsum dolor sit,42,ABC
Etiam a dolor vitae est vestibulum,84,DEF
Etiam a dolor vitae est vestibulum,84,DEF
Etiam a dolor vitae est vestibulum,84,DEF
Etiam a dolor vitae est vestibulum,84,DEF
Lorem ipsum dolor sit,42,ABC
Lorem ipsum dolor sit,42,ABC
Lorem ipsum dolor sit,42,ABC
Lorem ipsum dolor sit,42,ABC
Etiam a dolor vitae est vestibulum,84,DEF
Lorem ipsum dolor sit,42,ABC
Etiam a dolor vitae est vestibulum,84,DEF
Lorem ipsum dolor sit,42,ABC
Lorem ipsum dolor sit,42,ABC
Etiam a dolor vitae est vestibulum,84,DEF
Lorem ipsum dolor sit,42,ABC
Lorem ipsum dolor sit,42,ABC
Etiam a dolor vitae est vestibulum,84,DEF
Etiam a dolor vitae est vestibulum,84,DEF
Lorem ipsum dolor sit,42,ABC
Etiam a dolor vitae est vestibulum,84,DEF
Etiam a dolor vitae est vestibulum,84,DEF
Lorem ipsum dolor sit,42,ABC
Lorem ipsum dolor sit,42,ABC
Lorem ipsum dolor sit,42,ABC
Etiam a dolor vitae est vestibulum,84,DEF
Etiam a dolor vitae est vestibulum,84,DEF
Lorem ipsum dolor sit,42,ABC
Lorem ipsum dolor sit,42,ABC
Etiam a dolor vitae est vestibulum,84,DEF
Etiam a dolor vitae est vestibulum,84,DEF
Etiam a dolor vitae est vestibulum,84,DEF
Lorem ipsum dolor sit,42,ABC
Lorem ipsum dolor sit,42,ABC
Etiam a dolor vitae est vestibulum,84,DEF
Lorem ipsum dolor sit,42,ABC
Etiam a dolor vitae est vestibulum,84,DEF
Etiam a dolor vitae est vestibulum,84,DEF
Etiam a dolor vitae est vestibulum,84,DEF
Etiam a dolor vitae est vestibulum,84,DEF
Lorem ipsum dolor sit,42,ABC
Lorem ipsum dolor sit,42,ABC
Lorem ipsum dolor sit,42,ABC
Lorem ipsum dolor sit,42,ABC
Etiam a dolor vitae est vestibulum,84,DEF
Lorem ipsum dolor sit,42,ABC
Etiam a dolor vitae est vestibulum,84,DEF
Lorem ipsum dolor sit,42,ABC
Etiam a dolor vitae est vestibulum,84,DEF
Etiam a dolor vitae est vestibulum,84,DEF
Etiam a dolor vitae est vestibulum,84,DEF
Lorem ipsum dolor sit,42,ABC
Etiam a dolor vitae est vestibulum,84,DEF
Lorem ipsum dolor sit,42,ABC
Etiam a dolor vitae est vestibulum,84,DEF
Lorem ipsum dolor sit,42,ABC
Etiam a dolor vitae est vestibulum,84,DEF
Etiam a dolor vitae est vestibulum,84,DEF
Lorem ipsum dolor sit,42,ABC
Etiam a dolor vitae est vestibulum,84,DEF
Etiam a dolor vitae est vestibulum,84,DEF
Lorem ipsum dolor sit,42,ABC
Etiam a dolor vitae est vestibulum,84,DEF
Lorem ipsum dolor sit,42,ABC
Lorem ipsum dolor sit,42,ABC
Lorem ipsum dolor sit,42,ABC
Lorem ipsum dolor sit,42,ABC
Etiam a dolor vitae est vestibulum,84,DEF
Lorem ipsum dolor sit,42,ABC
Etiam a dolor vitae est vestibulum,84,DEF
Etiam a dolor vitae est vestibulum,84,DEF
Lorem ipsum dolor sit,42,ABC
Lorem ipsum dolor sit,42,ABC
Etiam a dolor vitae est vestibulum,84,DEF
Etiam a dolor vitae est vestibulum,84,DEF
Etiam a dolor vitae est vestibulum,84,DEF
Lorem ipsum dolor sit,42,ABC
Etiam a dolor vitae est vestibulum,84,DEF
Lorem ipsum dolor sit,42,ABC
Etiam a dolor vitae est vestibulum,84,DEF
Lorem ipsum dolor sit,42,ABC
Lorem ipsum dolor sit,42,ABC
Lorem ipsum dolor sit,42,ABC
Etiam a dolor vitae est vestibulum,84,DEF
Lorem ipsum dolor sit,42,ABC
Etiam a dolor vitae est vestibulum,84,DEF
Etiam a dolor vitae est vestibulum,84,DEF
Etiam a dolor vitae est vestibulum,84,DEF
Etiam a dolor vitae est vestibulum,84,DEF
Lorem ipsum dolor sit,42,ABC
Lorem ipsum dolor sit,42,ABC
Lorem ipsum dolor sit,42,ABC
Lorem ipsum dolor sit,42,ABC
Lorem ipsum dolor sit,42,ABC
Etiam a dolor vitae est vestibulum,84,DEF
Lorem ipsum dolor sit,42,ABC
Lorem ipsum dolor sit,42,ABC
Etiam a dolor vitae est vestibulum,84,DEF
Lorem ipsum dolor sit,42,ABC
Etiam a dolor vitae est vestibulum,84,DEF
Lorem ipsum dolor sit,42,ABC
Lorem ipsum dolor sit,42,ABC
Etiam a dolor vitae est vestibulum,84,DEF
Etiam a dolor vitae est vestibulum,84,DEF
Lorem ipsum dolor sit,42,ABC
Lorem ipsum dolor sit,42,ABC
Lorem ipsum dolor sit,42,ABC
Lorem ipsum dolor sit,42,ABC
Lorem ipsum dolor sit,42,ABC
Etiam a dolor vitae est vestibulum,84,DEF
Lorem ipsum dolor sit,42,ABC
Lorem ipsum dolor sit,42,ABC
Lorem ipsum dolor sit,42,ABC
Lorem ipsum dolor sit,42,ABC
Etiam a dolor vitae est vestibulum,84,DEF
Etiam a dolor vitae est vestibulum,84,DEF
Etiam a dolor vitae est vestibulum,84,DEF
Lorem ipsum dolor sit,42,ABC
Lorem ipsum dolor sit,42,ABC
Etiam a dolor vitae est vestibulum,84,DEF
Etiam a dolor vitae est vestibulum,84,DEF
Etiam a dolor vitae est vestibulum,84,DEF
Etiam a dolor vitae est vestibulum,84,DEF
Lorem ipsum dolor sit,42,ABC
Etiam a dolor vitae est vestibulum,84,DEF
Etiam a dolor vitae est vestibulum,84,DEF
Etiam a dolor vitae est vestibulum,84,DEF
Lorem ipsum dolor sit,42,ABC
Etiam a dolor vitae est vestibulum,84,DEF
Etiam a dolor vitae est vestibulum,84,DEF
Etiam a dolor vitae est vestibulum,84,DEF
Etiam a dolor vitae est vestibulum,84,DEF
Etiam a dolor vitae est vestibulum,84,DEF
Lorem ipsum dolor sit,42,ABC
Lorem ipsum dolor sit,42,ABC
Lorem ipsum dolor sit,42,ABC
Etiam a dolor vitae est vestibulum,84,DEF
Lorem ipsum dolor sit,42,ABC
Etiam a dolor vitae est vestibulum,84,DEF
Etiam a dolor vitae est vestibulum,84,DEF
Lorem ipsum dolor sit,42,ABC
Etiam a dolor vitae est vestibulum,84,DEF
Etiam a dolor vitae est vestibulum,84,DEF
Lorem ipsum dolor sit,42,ABC
Lorem ipsum dolor sit,42
Lorem ipsum dolor sit,42,ABC
Etiam a dolor vitae est vestibulum,84,DEF
Etiam a dolor vitae est vestibulum,84,DEF
Etiam a dolor vitae est vestibulum,84,DEF
Etiam a dolor vitae est vestibulum,84,DEF
Etiam a dolor vitae est vestibulum,84,DEF
Etiam a dolor vitae est vestibulum,84,DEF
Lorem ipsum dolor sit,42,ABC
Lorem ipsum dolor sit,42,ABC
Lorem ipsum dolor sit,42,ABC
Etiam a dolor vitae est vestibulum,84,DEF
Etiam a dolor vitae est vestibulum,84,DEF
Lorem ipsum dolor sit,42,ABC
Etiam a dolor vitae est vestibulum,84,DEF
Etiam a dolor vitae est vestibulum,84,DEF
Etiam a dolor vitae est vestibulum,84,DEF
Lorem ipsum dolor sit,42,ABC
Etiam a dolor vitae est vestibulum,84,DEF
Lorem ipsum dolor sit,42,ABC
Etiam a dolor vitae est vestibulum,84,DEF
Lorem ipsum dolor sit,42,ABC
Etiam a dolor vitae est vestibulum,84,DEF
Lorem ipsum dolor sit,42,ABC
Etiam a dolor vitae est vestibulum,84,DEF
Etiam a dolor vitae est vestibulum,84,DEF
Etiam a dolor vitae est vestibulum,84,DEF
Etiam a dolor vitae est vestibulum,84,DEF
Lorem ipsum dolor sit,42,ABC
Lorem ipsum dolor sit,42,ABC
Etiam a dolor vitae est vestibulum,84,DEF
Lorem ipsum dolor sit,42,ABC
Etiam a dolor vitae est vestibulum,84,DEF
Etiam a dolor vitae est vestibulum,84,DEF
Lorem ipsum dolor sit,42,ABC
Etiam a dolor vitae est vestibulum,84,DEF
Etiam a dolor vitae est vestibulum,84,DEF
Lorem ipsum dolor sit,42,ABC
Lorem ipsum dolor sit,42,ABC
Etiam a dolor vitae est vestibulum,84,DEF
Etiam a dolor vitae est vestibulum,84,DEF
Etiam a dolor vitae est vestibulum,84,DEF
Etiam a dolor vitae est vestibulum,84,DEF
Etiam a dolor vitae est vestibulum,84,DEF
Lorem ipsum dolor sit,42,ABC
Etiam a dolor vitae est vestibulum,84,DEF
Lorem ipsum dolor sit,42,ABC
Etiam a dolor vitae est vestibulum,84,DEF
Lorem ipsum dolor sit,42,ABC
Lorem ipsum dolor sit,42,ABC
Etiam a dolor vitae est vestibulum,84,DEF
Lorem ipsum dolor sit,42,ABC
Etiam a dolor vitae est vestibulum,84,DEF
Lorem ipsum dolor sit,42,ABC
Etiam a dolor vitae est vestibulum,84,DEF
Lorem ipsum dolor sit,42,ABC
Lorem ipsum dolor sit,42,ABC
Lorem ipsum dolor sit,42,ABC
Lorem ipsum dolor sit,42,ABC
Etiam a dolor vitae est vestibulum,84,DEF
Etiam a dolor vitae est vestibulum,84,DEF
Lorem ipsum dolor sit,42,ABC
Etiam a dolor vitae est vestibulum,84,DEF
Lorem ipsum dolor sit,42,ABC
Etiam a dolor vitae est vestibulum,84,DEF
Lorem ipsum dolor sit,42,ABC
Etiam a dolor vitae est vestibulum,84,DEF
Lorem ipsum dolor sit,42,ABC
Lorem ipsum dolor sit,42,ABC
Etiam a dolor vitae est vestibulum,84,DEF
Lorem ipsum dolor sit,42,ABC
Etiam a dolor vitae est vestibulum,84,DEF
Etiam a dolor vitae est vestibulum,84,DEF
Etiam a dolor vitae est vestibulum,84,DEF
Lorem ipsum dolor sit,42,ABC
Etiam a dolor vitae est vestibulum,84,DEF
Lorem ipsum dolor sit,42,ABC
Etiam a dolor vitae est vestibulum,84,DEF
Etiam a dolor vitae est vestibulum,84,DEF
Etiam a dolor vitae est vestibulum,84,DEF
Lorem ipsum dolor sit,42,ABC
Etiam a dolor vitae est vestibulum,84,DEF
Lorem ipsum dolor sit,42,ABC
Etiam a dolor vitae est vestibulum,84,DEF
Lorem ipsum dolor sit,42,ABC
Lorem ipsum dolor sit,42,ABC
Lorem ipsum dolor sit,42,ABC
Lorem ipsum dolor sit,42,ABC
Etiam a dolor vitae est vestibulum,84,DEF
Etiam a dolor vitae est vestibulum,84,DEF
Lorem ipsum dolor sit,42,ABC
Etiam a dolor vitae est vestibulum,84,DEF
Etiam a dolor vitae est vestibulum,84,DEF
Lorem ipsum dolor sit,42,ABC
Etiam a dolor vitae est vestibulum,84,DEF
Etiam a dolor vitae est vestibulum,84,DEF
Etiam a dolor vitae est vestibulum,84,DEF
Etiam a dolor vitae est vestibulum,84,DEF
Etiam a dolor vitae est vestibulum,84,DEF
Etiam a dolor vitae est vestibulum,84,DEF
Lorem ipsum dolor sit,42,ABC
Lorem ipsum dolor sit,42,ABC
Lorem ipsum dolor sit,42,ABC
Lorem ipsum dolor sit,42,ABC
Lorem ipsum dolor sit,42,ABC
Etiam a dolor vitae est vestibulum,84,DEF
Lorem ipsum dolor sit,42,ABC
Lorem ipsum dolor sit,42,ABC
Etiam a dolor vitae est vestibulum,84,DEF
Lorem ipsum dolor sit,42,ABC
Lorem ipsum dolor sit,42,ABC
Lorem ipsum dolor sit,42,ABC
Lorem ipsum dolor sit,42,ABC
Lorem ipsum dolor sit,42,ABC
Lorem ipsum dolor sit,42,ABC
Lorem ipsum dolor sit,42,ABC
Etiam a dolor vitae est vestibulum,84,DEF
Lorem ipsum dolor sit,42,ABC
Etiam a dolor vitae est vestibulum,84,DEF
Lorem ipsum dolor sit,42,ABC
Lorem ipsum dolor sit,42,ABC
Etiam a dolor vitae est vestibulum,84,DEF
Lorem ipsum dolor sit,42,ABC
Lorem ipsum dolor sit,42,ABC
Lorem ipsum dolor sit,42,ABC
Etiam a dolor vitae est vestibulum,84,DEF
Etiam a dolor vitae est vestibulum,84,DEF
Etiam a dolor vitae est vestibulum,84,DEF
Etiam a dolor vitae est vestibulum,84,DEF
Etiam a dolor vitae est vestibulum,84,DEF
Etiam a dolor vitae est vestibulum,84,DEF
Etiam a dolor vitae est vestibulum,84,DEF
Etiam a dolor vitae est vestibulum,84,DEF
Lorem ipsum dolor sit,42,ABC
Etiam a dolor vitae est vestibulum,84,DEF
Lorem ipsum dolor sit,42,ABC
Etiam a dolor vitae est vestibulum,84,DEF
Etiam a dolor vitae est vestibulum,84,DEF
Etiam a dolor vitae est vestibulum,84,DEF
Lorem ipsum dolor sit,42,ABC
Lorem ipsum dolor sit,42,ABC
Lorem ipsum dolor sit,42,ABC
Etiam a dolor vitae est vestibulum,84,DEF
Etiam a dolor vitae est vestibulum,84,DEF
Etiam a dolor vitae est vestibulum,84,DEF
Lorem ipsum dolor sit,42,ABC
Lorem ipsum dolor sit,42,ABC
Lorem ipsum dolor sit,42,ABC
Lorem ipsum dolor sit,42,ABC
Lorem ipsum dolor sit,42,ABC
Lorem ipsum dolor sit,42,ABC
Lorem ipsum dolor sit,42,ABC
Etiam a dolor vitae est vestibulum,84,DEF
Etiam a dolor vitae est vestibulum,84,DEF
Lorem ipsum dolor sit,42,ABC
Lorem ipsum dolor sit,42,ABC
Lorem ipsum dolor sit,42,ABC
Etiam a dolor vitae est vestibulum,84,DEF
Etiam a dolor vitae est vestibulum,84,DEF
Lorem ipsum dolor sit,42,ABC
Lorem ipsum dolor sit,42,ABC
Etiam a dolor vitae est vestibulum,84,DEF
Etiam a dolor vitae est vestibulum,84,DEF
Lorem ipsum dolor sit,42,ABC
Lorem ipsum dolor sit,42,ABC
Lorem ipsum dolor sit,42,ABC
Etiam a dolor vitae est vestibulum,84,DEF
Etiam a dolor vitae est vestibulum,84,DEF
Etiam a dolor vitae est vestibulum,84,DEF
Lorem ipsum dolor sit,42,ABC
Lorem ipsum dolor sit,42,ABC
Lorem ipsum dolor sit,42,ABC
Lorem ipsum dolor sit,42,ABC
Etiam a dolor vitae est vestibulum,84,DEF
Lorem ipsum dolor sit,42,ABC
Etiam a dolor vitae est vestibulum,84,DEF
Lorem ipsum dolor sit,42,ABC
Lorem ipsum dolor sit,42,ABC
Etiam a dolor vitae est vestibulum,84,DEF
Lorem ipsum dolor sit,42,ABC
Lorem ipsum dolor sit,42,ABC
Lorem ipsum dolor sit,42,ABC
Etiam a dolor vitae est vestibulum,84,DEF
Etiam a dolor vitae est vestibulum,84,DEF
Etiam a dolor vitae est vestibulum,84,DEF
Lorem ipsum dolor sit,42,ABC
Lorem ipsum dolor sit,42,ABC
Lorem ipsum dolor sit,42,ABC
Lorem ipsum dolor sit,42,ABC
Lorem ipsum dolor sit,42,ABC
Lorem ipsum dolor sit,42,ABC
Lorem ipsum dolor sit,42,ABC
Lorem ipsum dolor sit,42,ABC
Etiam a dolor vitae est vestibulum,84,DEF
Etiam a dolor vitae est vestibulum,84,DEF
Lorem ipsum dolor sit,42,ABC
Lorem ipsum dolor sit,42,ABC
Lorem ipsum dolor sit,42,ABC
Etiam a dolor vitae est vestibulum,84,DEF
Lorem ipsum dolor sit,42,ABC
Lorem ipsum dolor sit,42,ABC
Etiam a dolor vitae est vestibulum,84,DEF
Lorem ipsum dolor sit,42,ABC
Lorem ipsum dolor sit,42,ABC
Lorem ipsum dolor sit,42,ABC
Etiam a dolor vitae est vestibulum,84,DEF
Etiam a dolor vitae est vestibulum,84,DEF
Etiam a dolor vitae est vestibulum,84,DEF
Lorem ipsum dolor sit,42,ABC
Etiam a dolor vitae est vestibulum,84,DEF
Etiam a dolor vitae est vestibulum,84,DEF
Etiam a dolor vitae est vestibulum,84,DEF
Lorem ipsum dolor sit,42,ABC
Etiam a dolor vitae est vestibulum,84,DEF
Etiam a dolor vitae est vestibulum,84,DEF
Lorem ipsum dolor sit,42,ABC
Etiam a dolor vitae est vestibulum,84,DEF
Etiam a dolor vitae est vestibulum,84,DEF
Lorem ipsum dolor sit,42,ABC
Etiam a dolor vitae est vestibulum,84,DEF
Etiam a dolor vitae est vestibulum,84,DEF
Lorem ipsum dolor sit,42,ABC
Etiam a dolor vitae est vestibulum,84,DEF
Etiam a dolor vitae est vestibulum,84,DEF
Etiam a dolor vitae est vestibulum,84,DEF
Etiam a dolor vitae est vestibulum,84,DEF
Etiam a dolor vitae est vestibulum,84,DEF
Lorem ipsum dolor sit,42,ABC
Etiam a dolor vitae est vestibulum,84,DEF
Etiam a dolor vitae est vestibulum,84,DEF
Etiam a dolor vitae est vestibulum,84,DEF
Etiam a dolor vitae est vestibulum,84,DEF
Lorem ipsum dolor sit,42,ABC
Etiam a dolor vitae est vestibulum,84,DEF
Etiam a dolor vitae est vestibulum,84,DEF
Lorem ipsum dolor sit,42,ABC
Etiam a dolor vitae est vestibulum,84,DEF
Lorem ipsum dolor sit,42,ABC
Etiam a dolor vitae est vestibulum,84,DEF
Lorem ipsum dolor sit,42,ABC
Lorem ipsum dolor sit,42,ABC
Lorem ipsum dolor sit,42,ABC
Lorem ipsum dolor sit,42,ABC
Etiam a dolor vitae est vestibulum,84,DEF
Lorem ipsum dolor sit,42,ABC
Lorem ipsum dolor sit,42,ABC
Lorem ipsum dolor sit,42,ABC
Etiam a dolor vitae est vestibulum,84,DEF
Lorem ipsum dolor sit,42,ABC
Lorem ipsum dolor sit,42,ABC
Etiam a dolor vitae est vestibulum,84,DEF
Lorem ipsum dolor sit,42,ABC
Lorem ipsum dolor sit,42,ABC
Lorem ipsum dolor sit,42,ABC
Etiam a dolor vitae est vestibulum,84,DEF
Etiam a dolor vitae est vestibulum,84,DEF
Etiam a dolor vitae est vestibulum,84,DEF
Etiam a dolor vitae est vestibulum,84,DEF
Etiam a dolor vitae est vestibulum,84,DEF
Etiam a dolor vitae est vestibulum,84,DEF
Lorem ipsum dolor sit,42,ABC
Etiam a dolor vitae est vestibulum,84,DEF
Etiam a dolor vitae est vestibulum,84,DEF
Lorem ipsum dolor sit,42,ABC
Lorem ipsum dolor sit,42,ABC
Lorem ipsum dolor sit,42,ABC
Etiam a dolor vitae est vestibulum,84,DEF
Etiam a dolor vitae est vestibulum,84,DEF
Lorem ipsum dolor sit,42,ABC
Lorem ipsum dolor sit,42,ABC
Lorem ipsum dolor sit,42,ABC
Lorem ipsum dolor sit,42,ABC
Etiam a dolor vitae est vestibulum,84,DEF
Etiam a dolor vitae est vestibulum,84,DEF
Etiam a dolor vitae est vestibulum,84,DEF
Lorem ipsum dolor sit,42,ABC
Etiam a dolor vitae est vestibulum,84,DEF
Etiam a dolor vitae est vestibulum,84,DEF
Etiam a dolor vitae est vestibulum,84,DEF
Lorem ipsum dolor sit,42,ABC
Lorem ipsum dolor sit,42,ABC
Etiam a dolor vitae est vestibulum,84,DEF
Etiam a dolor vitae est vestibulum,84,DEF
Etiam a dolor vitae est vestibulum,84,DEF
Etiam a dolor vitae est vestibulum,84,DEF
Lorem ipsum dolor sit,42,ABC
Lorem ipsum dolor sit,42,ABC
Lorem ipsum dolor sit,42,ABC
Lorem ipsum dolor sit,42,ABC
Etiam a dolor vitae est vestibulum,84,DEF
Etiam a dolor vitae est vestibulum,84,DEF
Lorem ipsum dolor sit,42,ABC
Etiam a dolor vitae est vestibulum,84,DEF
Etiam a dolor vitae est vestibulum,84,DEF
Etiam a dolor vitae est vestibulum,84,DEF
Lorem ipsum dolor sit,42,ABC
Etiam a dolor vitae est vestibulum,84,DEF
Lorem ipsum dolor sit,42,ABC
Lorem ipsum dolor sit,42,ABC
Lorem ipsum dolor sit,42,ABC
Etiam a dolor vitae est vestibulum,84,DEF
Etiam a dolor vitae est vestibulum,84,DEF
Lorem ipsum dolor sit,42,ABC
Etiam a dolor vitae est vestibulum,84,DEF
Etiam a dolor vitae est vestibulum,84,DEF
Etiam a dolor vitae est vestibulum,84,DEF
Etiam a dolor vitae est vestibulum,84,DEF
Etiam a dolor vitae est vestibulum,84,DEF
Etiam a dolor vitae est vestibulum,84,DEF
Etiam a dolor vitae est vestibulum,84,DEF
Lorem ipsum dolor sit,42,ABC
Etiam a dolor vitae est vestibulum,84,DEF
Lorem ipsum dolor sit,42,ABC
Lorem ipsum dolor sit,42,ABC
Etiam a dolor vitae est vestibulum,84,DEF
Lorem ipsum dolor sit,42,ABC
Lorem ipsum dolor sit,42,ABC
Etiam a dolor vitae est vestibulum,84,DEF
Etiam a dolor vitae est vestibulum,84,DEF
Lorem ipsum dolor sit,42,ABC
Lorem ipsum dolor sit,42,ABC
Lorem ipsum dolor sit,42,ABC
Etiam a dolor vitae est vestibulum,84,DEF
Lorem ipsum dolor sit,42,ABC
Lorem ipsum dolor sit,42,ABC
Etiam a dolor vitae est vestibulum,84,DEF
Etiam a dolor vitae est vestibulum,84,DEF
Lorem ipsum dolor sit,42,ABC
Etiam a dolor vitae est vestibulum,84,DEF
Lorem ipsum dolor sit,42,ABC
Etiam a dolor vitae est vestibulum,84,DEF
Lorem ipsum dolor sit,42,ABC
Etiam a dolor vitae est vestibulum,84,DEF
Etiam a dolor vitae est vestibulum,84,DEF
Lorem ipsum dolor sit,42,ABC
Etiam a dolor vitae est vestibulum,84,DEF
Lorem ipsum dolor sit,42,ABC
Lorem ipsum dolor sit,42,ABC
Etiam a dolor vitae est vestibulum,84,DEF
Lorem ipsum dolor sit,42,ABC
Lorem ipsum dolor sit,42,ABC
Etiam a dolor vitae est vestibulum,84,DEF
Etiam a dolor vitae est vestibulum,84,DEF
Etiam a dolor vitae est vestibulum,84,DEF
Lorem ipsum dolor sit,42,ABC
Lorem ipsum dolor sit,42,ABC
Etiam a dolor vitae est vestibulum,84,DEF
Lorem ipsum dolor sit,42,ABC
Lorem ipsum dolor sit,42,ABC
Lorem ipsum dolor sit,42,ABC
Lorem ipsum dolor sit,42,ABC
Etiam a dolor vitae est vestibulum,84,DEF
Etiam a dolor vitae est vestibulum,84,DEF
Lorem ipsum dolor sit,42,ABC
Lorem ipsum dolor sit,42,ABC
Lorem ipsum dolor sit,42,ABC
Lorem ipsum dolor sit,42,ABC
Etiam a dolor vitae est vestibulum,84,DEF
Etiam a dolor vitae est vestibulum,84,DEF
Lorem ipsum dolor sit,42,ABC
Etiam a dolor vitae est vestibulum,84,DEF
Lorem ipsum dolor sit,42,ABC
Etiam a dolor vitae est vestibulum,84,DEF
Etiam a dolor vitae est vestibulum,84,DEF
Etiam a dolor vitae est vestibulum,84,DEF
Etiam a dolor vitae est vestibulum,84,DEF
Lorem ipsum dolor sit,42,ABC
Etiam a dolor vitae est vestibulum,84,DEF
Etiam a dolor vitae est vestibulum,84,DEF
Lorem ipsum dolor sit,42,ABC
Etiam a dolor vitae est vestibulum,84,DEF
Lorem ipsum dolor sit,42,ABC
Lorem ipsum dolor sit,42,ABC
Lorem ipsum dolor sit,42,ABC
Lorem ipsum dolor sit,42,ABC
Lorem ipsum dolor sit,42,ABC
Etiam a dolor vitae est vestibulum,84,DEF
Lorem ipsum dolor sit,42,ABC
Lorem ipsum dolor sit,42,ABC
Etiam a dolor vitae est vestibulum,84,DEF
Lorem ipsum dolor sit,42,ABC
Etiam a dolor vitae est vestibulum,84,DEF
Etiam a dolor vitae est vestibulum,84,DEF
Lorem ipsum dolor sit,42,ABC
Etiam a dolor vitae est vestibulum,84,DEF
Lorem ipsum dolor sit,42,ABC
Lorem ipsum dolor sit,42,ABC
Lorem ipsum dolor sit,42,ABC
Etiam a dolor vitae est vestibulum,84,DEF
Lorem ipsum dolor sit,42,ABC
Lorem ipsum dolor sit,42,ABC
Etiam a dolor vitae est vestibulum,84,DEF
Lorem ipsum dolor sit,42,ABC
Lorem ipsum dolor sit,42,ABC
Lorem ipsum dolor sit,42,ABC
Lorem ipsum dolor sit,42,ABC
Etiam a dolor vitae est vestibulum,84,DEF
Lorem ipsum dolor sit,42,ABC
Lorem ipsum dolor sit,42,ABC
Lorem ipsum dolor sit,42,ABC
Lorem ipsum dolor sit,42,ABC
Lorem ipsum dolor sit,42,ABC
Lorem ipsum dolor sit,42,ABC
Etiam a dolor vitae est vestibulum,84,DEF
Etiam a dolor vitae est vestibulum,84,DEF
Lorem ipsum dolor sit,42,ABC
Lorem ipsum dolor sit,42,ABC
Etiam a dolor vitae est vestibulum,84,DEF
Lorem ipsum dolor sit,42,ABC
Lorem ipsum dolor sit,42,ABC
Etiam a dolor vitae est vestibulum,84,DEF
Etiam a dolor vitae est vestibulum,84,DEF
Etiam a dolor vitae est vestibulum,84,DEF
Etiam a dolor vitae est vestibulum,84,DEF
Etiam a dolor vitae est vestibulum,84,DEF
Lorem ipsum dolor sit,42,ABC
Etiam a dolor vitae est vestibulum,84,DEF
Lorem ipsum dolor sit,42,ABC
Etiam a dolor vitae est vestibulum,84,DEF
Lorem ipsum dolor sit,42,ABC
Lorem ipsum dolor sit,42,ABC
Etiam a dolor vitae est vestibulum,84,DEF
Etiam a dolor vitae est vestibulum,84,DEF
Etiam a dolor vitae est vestibulum,84,DEF
Etiam a dolor vitae est vestibulum,84,DEF
Lorem ipsum dolor sit,42,ABC
Lorem ipsum dolor sit,42,ABC
Etiam a dolor vitae est vestibulum,84,DEF
Etiam a dolor vitae est vestibulum,84,DEF
Etiam a dolor vitae est vestibulum,84,DEF
Etiam a dolor vitae est vestibulum,84,DEF
Lorem ipsum dolor sit,42,ABC
Etiam a dolor vitae est vestibulum,84,DEF
Lorem ipsum dolor sit,42,ABC
Etiam a dolor vitae est vestibulum,84,DEF
Etiam a dolor vitae est vestibulum,84,DEF
Lorem ipsum dolor sit,42,ABC
Etiam a dolor vitae est vestibulum,84,DEF
Lorem ipsum dolor sit,42,ABC
Lorem ipsum dolor sit,42,ABC
Etiam a dolor vitae est vestibulum,84,DEF
Lorem ipsum dolor sit,42,ABC
Etiam a dolor vitae est vestibulum,84,DEF
Etiam a dolor vitae est vestibulum,84,DEF
Etiam a dolor vitae est vestibulum,84,DEF
Etiam a dolor vitae est vestibulum,84,DEF
Lorem ipsum dolor sit,42,ABC
Etiam a dolor vitae est vestibulum,84,DEF
Etiam a dolor vitae est vestibulum,84,DEF
Lorem ipsum dolor sit,42,ABC
Etiam a dolor vitae est vestibulum,84,DEF
Lorem ipsum dolor sit,42,ABC
Etiam a dolor vitae est vestibulum,84,DEF
Lorem ipsum dolor sit,42,ABC
Etiam a dolor vitae est vestibulum,84,DEF
Etiam a dolor vitae est vestibulum,84,DEF
Lorem ipsum dolor sit,42,ABC
Lorem ipsum dolor sit,42,ABC
Lorem ipsum dolor sit,42,ABC
Lorem ipsum dolor sit,42,ABC
Lorem ipsum dolor sit,42,ABC
Lorem ipsum dolor sit,42,ABC
Etiam a dolor vitae est vestibulum,84,DEF
Etiam a dolor vitae est vestibulum,84,DEF
Lorem ipsum dolor sit,42,ABC
Etiam a dolor vitae est vestibulum,84,DEF
Lorem ipsum dolor sit,42,ABC
Etiam a dolor vitae est vestibulum,84,DEF
Lorem ipsum dolor sit,42,ABC
Etiam a dolor vitae est vestibulum,84,DEF
Lorem ipsum dolor sit,42,ABC
Lorem ipsum dolor sit,42,ABC
Etiam a dolor vitae est vestibulum,84,DEF
Lorem ipsum dolor sit,42,ABC
Lorem ipsum dolor sit,42,ABC
Etiam a dolor vitae est vestibulum,84,DEF
Lorem ipsum dolor sit,42,ABC
Etiam a dolor vitae est vestibulum,84,DEF
Lorem ipsum dolor sit,42,ABC
Etiam a dolor vitae est vestibulum,84,DEF
Lorem ipsum dolor sit,42,ABC
Lorem ipsum dolor sit,42,ABC
Etiam a dolor vitae est vestibulum,84,DEF
Etiam a dolor vitae est vestibulum,84,DEF
Lorem ipsum dolor sit,42,ABC
Lorem ipsum dolor sit,42,ABC
Lorem ipsum dolor sit,42,ABC
Lorem ipsum dolor sit,42,ABC
Etiam a dolor vitae est vestibulum,84,DEF
Etiam a dolor vitae est vestibulum,84,DEF
Etiam a dolor vitae est vestibulum,84,DEF
Lorem ipsum dolor sit,42,ABC
Etiam a dolor vitae est vestibulum,84,DEF
Lorem ipsum dolor sit,42,ABC
Etiam a dolor vitae est vestibulum,84,DEF
Lorem ipsum dolor sit,42,ABC
Etiam a dolor vitae est vestibulum,84,DEF
Lorem ipsum dolor sit,42,ABC
Etiam a dolor vitae est vestibulum,84,DEF
Lorem ipsum dolor sit,42,ABC
Etiam a dolor vitae est vestibulum,84
Etiam a dolor vitae est vestibulum,84,DEF
Lorem ipsum dolor sit,42,ABC
Lorem ipsum dolor sit,42,ABC
Lorem ipsum dolor sit,42,ABC
Lorem ipsum dolor sit,42,ABC
Etiam a dolor vitae est vestibulum,84,DEF
Etiam a dolor vitae est vestibulum,84,DEF
Lorem ipsum dolor sit,42,ABC
Lorem ipsum dolor sit,42,ABC
Etiam a dolor vitae est vestibulum,84,DEF
Etiam a dolor vitae est vestibulum,84,DEF
Lorem ipsum dolor sit,42,ABC
Lorem ipsum dolor sit,42,ABC
Lorem ipsum dolor sit,42,ABC
Lorem ipsum dolor sit,42,ABC
Etiam a dolor vitae est vestibulum,84,DEF
Etiam a dolor vitae est vestibulum,84,DEF
Lorem ipsum dolor sit,42,ABC
Lorem ipsum dolor sit,42,ABC
Lorem ipsum dolor sit,42,ABC
Etiam a dolor vitae est vestibulum,84,DEF
Etiam a dolor vitae est vestibulum,84,DEF
Lorem ipsum dolor sit,42,ABC
Etiam a dolor vitae est vestibulum,84,DEF
Etiam a dolor vitae est vestibulum,84,DEF
Lorem ipsum dolor sit,42,ABC
Etiam a dolor vitae est vestibulum,84,DEF
Lorem ipsum dolor sit,42,ABC
Etiam a dolor vitae est vestibulum,84,DEF
Etiam a dolor vitae est vestibulum,84,DEF
Lorem ipsum dolor sit,42,ABC
Lorem ipsum dolor sit,42,ABC
Lorem ipsum dolor sit,42,ABC
Lorem ipsum dolor sit,42,ABC
Lorem ipsum dolor sit,42,ABC
Lorem ipsum dolor sit,42,ABC
Etiam a dolor vitae est vestibulum,84,DEF
Lorem ipsum dolor sit,42,ABC
Lorem ipsum dolor sit,42,ABC
Etiam a dolor vitae est vestibulum,84,DEF
Lorem ipsum dolor sit,42,ABC
Etiam a dolor vitae est vestibulum,84,DEF
Lorem ipsum dolor sit,42,ABC
Etiam a dolor vitae est vestibulum,84,DEF
Etiam a dolor vitae est vestibulum,84,DEF
Lorem ipsum dolor sit,42,ABC
Lorem ipsum dolor sit,42,ABC
Lorem ipsum dolor sit,42,ABC
Lorem ipsum dolor sit,42,ABC
Lorem ipsum dolor sit,42,ABC
Lorem ipsum dolor sit,42,ABC
Lorem ipsum dolor sit,42,ABC
Etiam a dolor vitae est vestibulum,84,DEF
Etiam a dolor vitae est vestibulum,84,DEF
Lorem ipsum dolor sit,42,ABC
Lorem ipsum dolor sit,42,ABC
Etiam a dolor vitae est vestibulum,84,DEF
Lorem ipsum dolor sit,42,ABC
Etiam a dolor vitae est vestibulum,84,DEF
Etiam a dolor vitae est vestibulum,84,DEF
Etiam a dolor vitae est vestibulum,84,DEF
Etiam a dolor vitae est vestibulum,84,DEF
Etiam a dolor vitae est vestibulum,84,DEF
Lorem ipsum dolor sit,42,ABC
Etiam a dolor vitae est vestibulum,84,DEF
Etiam a dolor vitae est vestibulum,84,DEF
Etiam a dolor vitae est vestibulum,84,DEF
Etiam a dolor vitae est vestibulum,84,DEF
Etiam a dolor vitae est vestibulum,84,DEF
Lorem ipsum dolor sit,42,ABC
Etiam a dolor vitae est vestibulum,84,DEF
Lorem ipsum dolor sit,42,ABC
Etiam a dolor vitae est vestibulum,84,DEF
Lorem ipsum dolor sit,42,ABC
Lorem ipsum dolor sit,42,ABC
Etiam a dolor vitae est vestibulum,84,DEF
Etiam a dolor vitae est vestibulum,84,DEF
Lorem ipsum dolor sit,42,ABC
Lorem ipsum dolor sit,42,ABC
Lorem ipsum dolor sit,42,ABC
Etiam a dolor vitae est vestibulum,84,DEF
Lorem ipsum dolor sit,42,ABC
Lorem ipsum dolor sit,42,ABC
Lorem ipsum dolor sit,42,ABC
Etiam a dolor vitae est vestibulum,84,DEF
Lorem ipsum dolor sit,42,ABC
Etiam a dolor vitae est vestibulum,84,DEF
Etiam a dolor vitae est vestibulum,84,DEF
Lorem ipsum dolor sit,42,ABC
Etiam a dolor vitae est vestibulum,84,DEF
Lorem ipsum dolor sit,42,ABC
Etiam a dolor vitae est vestibulum,84,DEF
Lorem ipsum dolor sit,42,ABC
Lorem ipsum dolor sit,42,ABC
Etiam a dolor vitae est vestibulum,84,DEF
Lorem ipsum dolor sit,42,ABC
Lorem ipsum dolor sit,42,ABC
Lorem ipsum dolor sit,42,ABC
Etiam a dolor vitae est vestibulum,84,DEF
Lorem ipsum dolor sit,42,ABC
Lorem ipsum dolor sit,42,ABC
Etiam a dolor vitae est vestibulum,84,DEF
Etiam a dolor vitae est vestibulum,84,DEF
Etiam a dolor vitae est vestibulum,84,DEF
Etiam a dolor vitae est vestibulum,84,DEF
Lorem ipsum dolor sit,42,ABC
Lorem ipsum dolor sit,42,ABC
Etiam a dolor vitae est vestibulum,84,DEF
Lorem ipsum dolor sit,42,ABC
Lorem ipsum dolor sit,42,ABC
Lorem ipsum dolor sit,42,ABC
Lorem ipsum dolor sit,42,ABC
Etiam a dolor vitae est vestibulum,84,DEF
Lorem ipsum dolor sit,42,ABC
Lorem ipsum dolor sit,42,ABC
Lorem ipsum dolor sit,42,ABC
Etiam a dolor vitae est vestibulum,84,DEF
Lorem ipsum dolor sit,42,ABC
Etiam a dolor vitae est vestibulum,84,DEF
Etiam a dolor vitae est vestibulum,84,DEF
Etiam a dolor vitae est vestibulum,84,DEF
Lorem ipsum dolor sit,42,ABC
Etiam a dolor vitae est vestibulum,84,DEF
Lorem ipsum dolor sit,42,ABC
Etiam a dolor vitae est vestibulum,84,DEF
Etiam a dolor vitae est vestibulum,84,DEF
Etiam a dolor vitae est vestibulum,84,DEF
Lorem ipsum dolor sit,42,ABC
Etiam a dolor vitae est vestibulum,84,DEF
Lorem ipsum dolor sit,42,ABC
Lorem ipsum dolor sit,42,ABC
Etiam a dolor vitae est vestibulum,84,DEF
Etiam a dolor vitae est vestibulum,84,DEF
Etiam a dolor vitae est vestibulum,84,DEF
Etiam a dolor vitae est vestibulum,84,DEF
Etiam a dolor vitae est vestibulum,84,DEF
Etiam a dolor vitae est vestibulum,84,DEF
Lorem ipsum dolor sit,42,ABC
Lorem ipsum dolor sit,42,ABC
Lorem ipsum dolor sit,42,ABC
Lorem ipsum dolor sit,42,ABC
Etiam a dolor vitae est vestibulum,84,DEF
Etiam a dolor vitae est vestibulum,84,DEF
Lorem ipsum dolor sit,42,ABC
Lorem ipsum dolor sit,42,ABC
Etiam a dolor vitae est vestibulum,84,DEF
Lorem ipsum dolor sit,42,ABC
Etiam a dolor vitae est vestibulum,84,DEF
Etiam a dolor vitae est vestibulum,84,DEF
Lorem ipsum dolor sit,42,ABC
Etiam a dolor vitae est vestibulum,84,DEF
Lorem ipsum dolor sit,42,ABC
Lorem ipsum dolor sit,42,ABC
Etiam a dolor vitae est vestibulum,84,DEF
Lorem ipsum dolor sit,42,ABC
Etiam a dolor vitae est vestibulum,84,DEF
Etiam a dolor vitae est vestibulum,84,DEF
Lorem ipsum dolor sit,42,ABC
Lorem ipsum dolor sit,42,ABC
Lorem ipsum dolor sit,42,ABC
Lorem ipsum dolor sit,42,ABC
Etiam a dolor vitae est vestibulum,84,DEF
Lorem ipsum dolor sit,42,ABC
Etiam a dolor vitae est vestibulum,84,DEF
Etiam a dolor vitae est vestibulum,84,DEF
Lorem ipsum dolor sit,42,ABC
Lorem ipsum dolor sit,42,ABC
Etiam a dolor vitae est vestibulum,84,DEF
Lorem ipsum dolor sit,42,ABC
Etiam a dolor vitae est vestibulum,84,DEF
Etiam a dolor vitae est vestibulum,84,DEF
Lorem ipsum dolor sit,42,ABC
Etiam a dolor vitae est vestibulum,84,DEF
Etiam a dolor vitae est vestibulum,84,DEF
Etiam a dolor vitae est vestibulum,84,DEF
Lorem ipsum dolor sit,42,ABC
Lorem ipsum dolor sit,42,ABC
Etiam a dolor vitae est vestibulum,84,DEF
Lorem ipsum dolor sit,42,ABC
Etiam a dolor vitae est vestibulum,84,DEF
Lorem ipsum dolor sit,42,ABC
Lorem ipsum dolor sit,42,ABC
Lorem ipsum dolor sit,42,ABC
Lorem ipsum dolor sit,42,ABC
Lorem ipsum dolor sit,42,ABC
Etiam a dolor vitae est vestibulum,84,DEF
Lorem ipsum dolor sit,42,ABC
Lorem ipsum dolor sit,42,ABC
Lorem ipsum dolor sit,42,ABC
Etiam a dolor vitae est vestibulum,84,DEF
Lorem ipsum dolor sit,42,ABC
Etiam a dolor vitae est vestibulum,84,DEF
Lorem ipsum dolor sit,42,ABC
Lorem ipsum dolor sit,42,ABC
Etiam a dolor vitae est vestibulum,84,DEF
Lorem ipsum dolor sit,42,ABC
Etiam a dolor vitae est vestibulum,84,DEF
Etiam a dolor vitae est vestibulum,84,DEF
Lorem ipsum dolor sit,42,ABC
Lorem ipsum dolor sit,42,ABC
Etiam a dolor vitae est vestibulum,84,DEF
Lorem ipsum dolor sit,42,ABC
Etiam a dolor vitae est vestibulum,84,DEF
Etiam a dolor vitae est vestibulum,84,DEF
Etiam a dolor vitae est vestibulum,84,DEF
Lorem ipsum dolor sit,42,ABC
Lorem ipsum dolor sit,42,ABC
Etiam a dolor vitae est vestibulum,84,DEF
Lorem ipsum dolor sit,42,ABC
Etiam a dolor vitae est vestibulum,84,DEF
Etiam a dolor vitae est vestibulum,84,DEF
Lorem ipsum dolor sit,42,ABC
Etiam a dolor vitae est vestibulum,84,DEF
Etiam a dolor vitae est vestibulum,84,DEF
Lorem ipsum dolor sit,42,ABC
Lorem ipsum dolor sit,42,ABC
Lorem ipsum dolor sit,42,ABC
Lorem ipsum dolor sit,42,ABC
Lorem ipsum dolor sit,42,ABC
Lorem ipsum dolor sit,42,ABC
Lorem ipsum dolor sit,42,ABC
Etiam a dolor vitae est vestibulum,84,DEF
Etiam a dolor vitae est vestibulum,84,DEF
Lorem ipsum dolor sit,42,ABC
Etiam a dolor vitae est vestibulum,84,DEF
Lorem ipsum dolor sit,42,ABC
Etiam a dolor vitae est vestibulum,84,DEF
Etiam a dolor vitae est vestibulum,84,DEF
Etiam a dolor vitae est vestibulum,84,DEF
Etiam a dolor vitae est vestibulum,84,DEF
Etiam a dolor vitae est vestibulum,84,DEF
Lorem ipsum dolor sit,42,ABC
Lorem ipsum dolor sit,42,ABC
Lorem ipsum dolor sit,42,ABC
Lorem ipsum dolor sit,42,ABC
Lorem ipsum dolor sit,42,ABC
Lorem ipsum dolor sit,42,ABC
Etiam a dolor vitae est vestibulum,84,DEF
Lorem ipsum dolor sit,42,ABC
Lorem ipsum dolor sit,42,ABC
Lorem ipsum dolor sit,42,ABC
Lorem ipsum dolor sit,42,ABC
Etiam a dolor vitae est vestibulum,84,DEF
Lorem ipsum dolor sit,42,ABC
Lorem ipsum dolor sit,42,ABC
Lorem ipsum dolor sit,42,ABC
Etiam a dolor vitae est vestibulum,84,DEF
Lorem ipsum dolor sit,42,ABC
Etiam a dolor vitae est vestibulum,84,DEF
Lorem ipsum dolor sit,42,ABC
Lorem ipsum dolor sit,42,ABC
Etiam a dolor vitae est vestibulum,84,DEF
Etiam a dolor vitae est vestibulum,84,DEF
Etiam a dolor vitae est vestibulum,84,DEF
Lorem ipsum dolor sit,42,ABC
Lorem ipsum dolor sit,42,ABC
Etiam a dolor vitae est vestibulum,84,DEF
Etiam a dolor vitae est vestibulum,84,DEF
Lorem ipsum dolor sit,42,ABC
Lorem ipsum dolor sit,42,ABC
Lorem ipsum dolor sit,42,ABC
Lorem ipsum dolor sit,42,ABC
Etiam a dolor vitae est vestibulum,84,DEF
Etiam a dolor vitae est vestibulum,84,DEF
Etiam a dolor vitae est vestibulum,84,DEF
Etiam a dolor vitae est vestibulum,84,DEF
Etiam a dolor vitae est vestibulum,84,DEF
Lorem ipsum dolor sit,42,ABC
Lorem ipsum dolor sit,42,ABC
Etiam a dolor vitae est vestibulum,84,DEF
Lorem ipsum dolor sit,42,ABC
Etiam a dolor vitae est vestibulum,84,DEF
Lorem ipsum dolor sit,42,ABC
Etiam a dolor vitae est vestibulum,84,DEF
Etiam a dolor vitae est vestibulum,84,DEF
Etiam a dolor vitae est vestibulum,84,DEF
Etiam a dolor vitae est vestibulum,84,DEF
Etiam a dolor vitae est vestibulum,84,DEF
Lorem ipsum dolor sit,42,ABC
Lorem ipsum dolor sit,42,ABC
Etiam a dolor vitae est vestibulum,84,DEF
Etiam a dolor vitae est vestibulum,84,DEF
Lorem ipsum dolor sit,42,ABC
Etiam a dolor vitae est vestibulum,84,DEF
Etiam a dolor vitae est vestibulum,84,DEF
Etiam a dolor vitae est vestibulum,84,DEF
Lorem ipsum dolor sit,42,ABC
Etiam a dolor vitae est vestibulum,84,DEF
Etiam a dolor vitae est vestibulum,84,DEF
Etiam a dolor vitae est vestibulum,84,DEF
Etiam a dolor vitae est vestibulum,84,DEF
Etiam a dolor vitae est vestibulum,84,DEF
Lorem ipsum dolor sit,42,ABC
Lorem ipsum dolor sit,42,ABC
Lorem ipsum dolor sit,42,ABC
Etiam a dolor vitae est vestibulum,84,DEF
Lorem ipsum dolor sit,42,ABC
Lorem ipsum dolor sit,42,ABC
Lorem ipsum dolor sit,42,ABC
Lorem ipsum dolor sit,42,ABC
Lorem ipsum dolor sit,42,ABC
Lorem ipsum dolor sit,42,ABC
Lorem ipsum dolor sit,42,ABC
Lorem ipsum dolor sit,42,ABC
Etiam a dolor vitae est vestibulum,84,DEF
Etiam a dolor vitae est vestibulum,84,DEF
Etiam a dolor vitae est vestibulum,84,DEF
Etiam a dolor vitae est vestibulum,84,DEF
Etiam a dolor vitae est vestibulum,84,DEF
Lorem ipsum dolor sit,42,ABC
Etiam a dolor vitae est vestibulum,84,DEF
Etiam a dolor vitae est vestibulum,84,DEF
Etiam a dolor vitae est vestibulum,84,DEF
Etiam a dolor vitae est vestibulum,84,DEF
Etiam a dolor vitae est vestibulum,84,DEF
Lorem ipsum dolor sit,42,ABC
Lorem ipsum dolor sit,42,ABC
Lorem ipsum dolor sit,42,ABC
Lorem ipsum dolor sit,42,ABC
Lorem ipsum dolor sit,42,ABC
Lorem ipsum dolor sit,42,ABC
Lorem ipsum dolor sit,42,ABC
Lorem ipsum dolor sit,42,ABC
Etiam a dolor vitae est vestibulum,84,DEF
Lorem ipsum dolor sit,42,ABC
Etiam a dolor vitae est vestibulum,84,DEF
Lorem ipsum dolor sit,42,ABC
Lorem ipsum dolor sit,42,ABC
Lorem ipsum dolor sit,42,ABC
Lorem ipsum dolor sit,42,ABC
Lorem ipsum dolor sit,42,ABC
Lorem ipsum dolor sit,42,ABC
Lorem ipsum dolor sit,42,ABC
Lorem ipsum dolor sit,42,ABC
Lorem ipsum dolor sit,42,ABC
Etiam a dolor vitae est vestibulum,84,DEF
Lorem ipsum dolor sit,42,ABC
Etiam a dolor vitae est vestibulum,84,DEF
Lorem ipsum dolor sit,42,ABC
Lorem ipsum dolor sit,42,ABC
Etiam a dolor vitae est vestibulum,84,DEF
Lorem ipsum dolor sit,42,ABC
Lorem ipsum dolor sit,42,ABC
Lorem ipsum dolor sit,42,ABC
Lorem ipsum dolor sit,42,ABC
Etiam a dolor vitae est vestibulum,84,DEF
Lorem ipsum dolor sit,42,ABC
Etiam a dolor vitae est vestibulum,84,DEF
Etiam a dolor vitae est vestibulum,84,DEF
Etiam a dolor vitae est vestibulum,84,DEF
Etiam a dolor vitae est vestibulum,84,DEF
Lorem ipsum dolor sit,42,ABC
Lorem ipsum dolor sit,42,ABC
Etiam a dolor vitae est vestibulum,84,DEF
Lorem ipsum dolor sit,42,ABC
Lorem ipsum dolor sit,42,ABC
Etiam a dolor vitae est vestibulum,84,DEF
Etiam a dolor vitae est vestibulum,84,DEF
Etiam a dolor vitae est vestibulum,84,DEF
Lorem ipsum dolor sit,42,ABC
Lorem ipsum dolor sit,42,ABC
Etiam a dolor vitae est vestibulum,84,DEF
Etiam a dolor vitae est vestibulum,84,DEF
Lorem ipsum dolor sit,42,ABC
Lorem ipsum dolor sit,42,ABC
Lorem ipsum dolor sit,42,ABC
Lorem ipsum dolor sit,42,ABC
Etiam a dolor vitae est vestibulum,84,DEF
Etiam a dolor vitae est vestibulum,84,DEF
Lorem ipsum dolor sit,42,ABC
Etiam a dolor vitae est vestibulum,84,DEF
Etiam a dolor vitae est vestibulum,84,DEF
Lorem ipsum dolor sit,42,ABC
Etiam a dolor vitae est vestibulum,84,DEF
Lorem ipsum dolor sit,42,ABC
Lorem ipsum dolor sit,42,ABC
Etiam a dolor vitae est vestibulum,84,DEF
Lorem ipsum dolor sit,42,ABC
Etiam a dolor vitae est vestibulum,84,DEF
Etiam a dolor vitae est vestibulum,84,DEF
Etiam a dolor vitae est vestibulum,84,DEF
Lorem ipsum dolor sit,42,ABC
Etiam a dolor vitae est vestibulum,84,DEF
Etiam a dolor vitae est vestibulum,84,DEF
Lorem ipsum dolor sit,42,ABC
Etiam a dolor vitae est vestibulum,84,DEF
Etiam a dolor vitae est vestibulum,84,DEF
Lorem ipsum dolor sit,42,ABC
Etiam a dolor vitae est vestibulum,84,DEF
Lorem ipsum dolor sit,42,ABC
Etiam a dolor vitae est vestibulum,84,DEF
Lorem ipsum dolor sit,42,ABC
Lorem ipsum dolor sit,42,ABC
Etiam a dolor vitae est vestibulum,84,DEF
Etiam a dolor vitae est vestibulum,84,DEF
Etiam a dolor vitae est vestibulum,84,DEF
Lorem ipsum dolor sit,42,ABC
Lorem ipsum dolor sit,42,ABC
Etiam a dolor vitae est vestibulum,84,DEF
Etiam a dolor vitae est vestibulum,84,DEF
Etiam a dolor vitae est vestibulum,84,DEF
Etiam a dolor vitae est vestibulum,84,DEF
Lorem ipsum dolor sit,42,ABC
Etiam a dolor vitae est vestibulum,84,DEF
Lorem ipsum dolor sit,42,ABC
Lorem ipsum dolor sit,42,ABC
Etiam a dolor vitae est vestibulum,84,DEF
Etiam a dolor vitae est vestibulum,84,DEF
Etiam a dolor vitae est vestibulum,84,DEF
Etiam a dolor vitae est vestibulum,84,DEF
Etiam a dolor vitae est vestibulum,84,DEF
Lorem ipsum dolor sit,42,ABC
Etiam a dolor vitae est vestibulum,84,DEF
Lorem ipsum dolor sit,42,ABC
Etiam a dolor vitae est vestibulum,84,DEF
Lorem ipsum dolor sit,42,ABC
Etiam a dolor vitae est vestibulum,84,DEF
Lorem ipsum dolor sit,42,ABC
Lorem ipsum dolor sit,42,ABC
Etiam a dolor vitae est vestibulum,84,DEF
Etiam a dolor vitae est vestibulum,84,DEF
Lorem ipsum dolor sit,42,ABC
Lorem ipsum dolor sit,42,ABC
Lorem ipsum dolor sit,42,ABC
Lorem ipsum dolor sit,42,ABC
Etiam a dolor vitae est vestibulum,84,DEF
Etiam a dolor vitae est vestibulum,84,DEF
Etiam a dolor vitae est vestibulum,84,DEF
Etiam a dolor vitae est vestibulum,84,DEF
Lorem ipsum dolor sit,42,ABC
Lorem ipsum dolor sit,42,ABC
Lorem ipsum dolor sit,42,ABC
Lorem ipsum dolor sit,42,ABC
Etiam a dolor vitae est vestibulum,84,DEF
Etiam a dolor vitae est vestibulum,84,DEF
Etiam a dolor vitae est vestibulum,84,DEF
Etiam a dolor vitae est vestibulum,84,DEF
Etiam a dolor vitae est vestibulum,84,DEF
Etiam a dolor vitae est vestibulum,84,DEF
Lorem ipsum dolor sit,42,ABC
Etiam a dolor vitae est vestibulum,84,DEF
Lorem ipsum dolor sit,42,ABC
Lorem ipsum dolor sit,42,ABC
Lorem ipsum dolor sit,42,ABC
Etiam a dolor vitae est vestibulum,84,DEF
Etiam a dolor vitae est vestibulum,84,DEF
Lorem ipsum dolor sit,42,ABC
Lorem ipsum dolor sit,42,ABC
Etiam a dolor vitae est vestibulum,84,DEF
Lorem ipsum dolor sit,42,ABC
Etiam a dolor vitae est vestibulum,84,DEF
Lorem ipsum dolor sit,42,ABC
Etiam a dolor vitae est vestibulum,84,DEF
Lorem ipsum dolor sit,42,ABC
Etiam a dolor vitae est vestibulum,84,DEF
Etiam a dolor vitae est vestibulum,84,DEF
Lorem ipsum dolor sit,42,ABC
Lorem ipsum dolor sit,42,ABC
Lorem ipsum dolor sit,42,ABC
Lorem ipsum dolor sit,42,ABC
Etiam a dolor vitae est vestibulum,84,DEF
Lorem ipsum dolor sit,42,ABC
Lorem ipsum dolor sit,42,ABC
Lorem ipsum dolor sit,42,ABC
Etiam a dolor vitae est vestibulum,84,DEF
Etiam a dolor vitae est vestibulum,84,DEF
Etiam a dolor vitae est vestibulum,84,DEF
Etiam a dolor vitae est vestibulum,84,DEF
Etiam a dolor vitae est vestibulum,84,DEF
Etiam a dolor vitae est vestibulum,84,DEF
Lorem ipsum dolor sit,42,ABC
Lorem ipsum dolor sit,42,ABC
Lorem ipsum dolor sit,42,ABC
Lorem ipsum dolor sit,42,ABC
Lorem ipsum dolor sit,42,ABC
Lorem ipsum dolor sit,42,ABC
Etiam a dolor vitae est vestibulum,84,DEF
Lorem ipsum dolor sit,42,ABC
Lorem ipsum dolor sit,42,ABC
Lorem ipsum dolor sit,42,ABC
Lorem ipsum dolor sit,42,ABC
Lorem ipsum dolor sit,42,ABC
Lorem ipsum dolor sit,42,ABC
Lorem ipsum dolor sit,42,ABC
Etiam a dolor vitae est vestibulum,84,DEF
Lorem ipsum dolor sit,42,ABC
Etiam a dolor vitae est vestibulum,84,DEF
Lorem ipsum dolor sit,42,ABC
Etiam a dolor vitae est vestibulum,84,DEF
Etiam a dolor vitae est vestibulum,84,DEF
Lorem ipsum dolor sit,42,ABC
Etiam a dolor vitae est vestibulum,84,DEF
Etiam a dolor vitae est vestibulum,84,DEF
Lorem ipsum dolor sit,42,ABC
Lorem ipsum dolor sit,42,ABC
Lorem ipsum dolor sit,42,ABC
Etiam a dolor vitae est vestibulum,84,DEF
Lorem ipsum dolor sit,42,ABC
Etiam a dolor vitae est vestibulum,84,DEF
Etiam a dolor vitae est vestibulum,84
Etiam a dolor vitae est vestibulum,84,DEF
Etiam a dolor vitae est vestibulum,84,DEF
Lorem ipsum dolor sit,42,ABC
Etiam a dolor vitae est vestibulum,84,DEF
Lorem ipsum dolor sit,42,ABC
Lorem ipsum dolor sit,42,ABC
Etiam a dolor vitae est vestibulum,84,DEF
Lorem ipsum dolor sit,42,ABC
Lorem ipsum dolor sit,42,ABC
Lorem ipsum dolor sit,42,ABC
Lorem ipsum dolor sit,42,ABC
Etiam a dolor vitae est vestibulum,84,DEF
Etiam a dolor vitae est vestibulum,84,DEF
Lorem ipsum dolor sit,42,ABC
Etiam a dolor vitae est vestibulum,84,DEF
Etiam a dolor vitae est vestibulum,84,DEF
Etiam a dolor vitae est vestibulum,84,DEF
Lorem ipsum dolor sit,42,ABC
Lorem ipsum dolor sit,42,ABC
Lorem ipsum dolor sit,42,ABC
Etiam a dolor vitae est vestibulum,84,DEF
Etiam a dolor vitae est vestibulum,84,DEF
Etiam a dolor vitae est vestibulum,84,DEF
Lorem ipsum dolor sit,42,ABC
Lorem ipsum dolor sit,42,ABC
Lorem ipsum dolor sit,42,ABC
Etiam a dolor vitae est vestibulum,84,DEF
Etiam a dolor vitae est vestibulum,84,DEF
Lorem ipsum dolor sit,42,ABC
Etiam a dolor vitae est vestibulum,84,DEF
Lorem ipsum dolor sit,42,ABC
Etiam a dolor vitae est vestibulum,84,DEF
Lorem ipsum dolor sit,42,ABC
Lorem ipsum dolor sit,42,ABC
Etiam a dolor vitae est vestibulum,84,DEF
Lorem ipsum dolor sit,42,ABC
Etiam a dolor vitae est vestibulum,84,DEF
Lorem ipsum dolor sit,42,ABC
Lorem ipsum dolor sit,42,ABC
Lorem ipsum dolor sit,42,ABC
Etiam a dolor vitae est vestibulum,84,DEF
Etiam a dolor vitae est vestibulum,84,DEF
Lorem ipsum dolor sit,42,ABC
Etiam a dolor vitae est vestibulum,84,DEF
Lorem ipsum dolor sit,42,ABC
Lorem ipsum dolor sit,42,ABC
Etiam a dolor vitae est vestibulum,84,DEF
Etiam a dolor vitae est vestibulum,84,DEF
Lorem ipsum dolor sit,42,ABC
Etiam a dolor vitae est vestibulum,84,DEF
Etiam a dolor vitae est vestibulum,84,DEF
Etiam a dolor vitae est vestibulum,84,DEF
Lorem ipsum dolor sit,42,ABC
Etiam a dolor vitae est vestibulum,84,DEF
Lorem ipsum dolor sit,42,ABC
Lorem ipsum dolor sit,42,ABC
Etiam a dolor vitae est vestibulum,84,DEF
Etiam a dolor vitae est vestibulum,84,DEF
Lorem ipsum dolor sit,42,ABC
Etiam a dolor vitae est vestibulum,84,DEF
Lorem ipsum dolor sit,42,ABC
Lorem ipsum dolor sit,42,ABC
Lorem ipsum dolor sit,42,ABC
Etiam a dolor vitae est vestibulum,84,DEF
Lorem ipsum dolor sit,42,ABC
Etiam a dolor vitae est vestibulum,84,DEF
Etiam a dolor vitae est vestibulum,84,DEF
Etiam a dolor vitae est vestibulum,84,DEF
Lorem ipsum dolor sit,42,ABC
Etiam a dolor vitae est vestibulum,84,DEF
Lorem ipsum dolor sit,42,ABC
Lorem ipsum dolor sit,42,ABC
Etiam a dolor vitae est vestibulum,84,DEF
Lorem ipsum dolor sit,42,ABC
Lorem ipsum dolor sit,42,ABC
Lorem ipsum dolor sit,42,ABC
Etiam a dolor vitae est vestibulum,84,DEF
Etiam a dolor vitae est vestibulum,84,DEF
Etiam a dolor vitae est vestibulum,84,DEF
Lorem ipsum dolor sit,42,ABC
Etiam a dolor vitae est vestibulum,84,DEF
Lorem ipsum dolor sit,42,ABC
Etiam a dolor vitae est vestibulum,84,DEF
Etiam a dolor vitae est vestibulum,84,DEF
Lorem ipsum dolor sit,42,ABC
Etiam a dolor vitae est vestibulum,84,DEF
Etiam a dolor vitae est vestibulum,84,DEF
Etiam a dolor vitae est vestibulum,84,DEF
Etiam a dolor vitae est vestibulum,84,DEF
Etiam a dolor vitae est vestibulum,84,DEF
Etiam a dolor vitae est vestibulum,84,DEF
Etiam a dolor vitae est vestibulum,84,DEF
Etiam a dolor vitae est vestibulum,84,DEF
Etiam a dolor vitae est vestibulum,84,DEF
Lorem ipsum dolor sit,42,ABC
Etiam a dolor vitae est vestibulum,84,DEF
Lorem ipsum dolor sit,42,ABC
Lorem ipsum dolor sit,42,ABC
Etiam a dolor vitae est vestibulum,84,DEF
Etiam a dolor vitae est vestibulum,84,DEF
Lorem ipsum dolor sit,42,ABC
Etiam a dolor vitae est vestibulum,84,DEF
Etiam a dolor vitae est vestibulum,84,DEF
Lorem ipsum dolor sit,42,ABC
Lorem ipsum dolor sit,42,ABC
Etiam a dolor vitae est vestibulum,84,DEF
Lorem ipsum dolor sit,42,ABC
Lorem ipsum dolor sit,42,ABC
Etiam a dolor vitae est vestibulum,84,DEF
Etiam a dolor vitae est vestibulum,84,DEF
Etiam a dolor vitae est vestibulum,84,DEF
Etiam a dolor vitae est vestibulum,84,DEF
Etiam a dolor vitae est vestibulum,84,DEF
Lorem ipsum dolor sit,42,ABC
Etiam a dolor vitae est vestibulum,84,DEF
Etiam a dolor vitae est vestibulum,84,DEF
Etiam a dolor vitae est vestibulum,84,DEF
Lorem ipsum dolor sit,42,ABC
Lorem ipsum dolor sit,42,ABC
Lorem ipsum dolor sit,42,ABC
Etiam a dolor vitae est vestibulum,84,DEF
Lorem ipsum dolor sit,42,ABC
Lorem ipsum dolor sit,42,ABC
Etiam a dolor vitae est vestibulum,84,DEF
Etiam a dolor vitae est vestibulum,84,DEF
Lorem ipsum dolor sit,42,ABC
Lorem ipsum dolor sit,42,ABC
Etiam a dolor vitae est vestibulum,84,DEF
Etiam a dolor vitae est vestibulum,84,DEF
Lorem ipsum dolor sit,42,ABC
Lorem ipsum dolor sit,42,ABC
Etiam a dolor vitae est vestibulum,84,DEF
Lorem ipsum dolor sit,42,ABC
Lorem ipsum dolor sit,42,ABC
Etiam a dolor vitae est vestibulum,84,DEF
Etiam a dolor vitae est vestibulum,84,DEF
Etiam a dolor vitae est vestibulum,84,DEF
Etiam a dolor vitae est vestibulum,84,DEF
Lorem ipsum dolor sit,42,ABC
Lorem ipsum dolor sit,42,ABC
Etiam a dolor vitae est vestibulum,84,DEF
Etiam a dolor vitae est vestibulum,84,DEF
Etiam a dolor vitae est vestibulum,84,DEF
Etiam a dolor vitae est vestibulum,84,DEF
Etiam a dolor vitae est vestibulum,84,DEF
Lorem ipsum dolor sit,42,ABC
Lorem ipsum dolor sit,42,ABC
Lorem ipsum dolor sit,42,ABC
Etiam a dolor vitae est vestibulum,84,DEF
Etiam a dolor vitae est vestibulum,84,DEF
Lorem ipsum dolor sit,42,ABC
Lorem ipsum dolor sit,42,ABC
Lorem ipsum dolor sit,42,ABC
Lorem ipsum dolor sit,42,ABC
Lorem ipsum dolor sit,42,ABC
Etiam a dolor vitae est vestibulum,84,DEF
Lorem ipsum dolor sit,42,ABC
Lorem ipsum dolor sit,42,ABC
Lorem ipsum dolor sit,42,ABC
Etiam a dolor vitae est vestibulum,84,DEF
Etiam a dolor vitae est vestibulum,84,DEF
Etiam a dolor vitae est vestibulum,84,DEF
Etiam a dolor vitae est vestibulum,84,DEF
Lorem ipsum dolor sit,42,ABC
Etiam a dolor vitae est vestibulum,84,DEF
Etiam a dolor vitae est vestibulum,84,DEF
Etiam a dolor vitae est vestibulum,84,DEF
Etiam a dolor vitae est vestibulum,84,DEF
Etiam a dolor vitae est vestibulum,84,DEF
Lorem ipsum dolor sit,42,ABC
Lorem ipsum dolor sit,42,ABC
Lorem ipsum dolor sit,42,ABC
Etiam a dolor vitae est vestibulum,84,DEF
Etiam a dolor vitae est vestibulum,84,DEF
Lorem ipsum dolor sit,42,ABC
Etiam a dolor vitae est vestibulum,84,DEF
Etiam a dolor vitae est vestibulum,84,DEF
Lorem ipsum dolor sit,42,ABC
Etiam a dolor vitae est vestibulum,84,DEF
Lorem ipsum dolor sit,42,ABC
Lorem ipsum dolor sit,42,ABC
Lorem ipsum dolor sit,42,ABC
Etiam a dolor vitae est vestibulum,84,DEF
Lorem ipsum dolor sit,42,ABC
Lorem ipsum dolor sit,42,ABC
Lorem ipsum dolor sit,42,ABC
Lorem ipsum dolor sit,42,ABC
Etiam a dolor vitae est vestibulum,84,DEF
Etiam a dolor vitae est vestibulum,84,DEF
Etiam a dolor vitae est vestibulum,84,DEF
Etiam a dolor vitae est vestibulum,84,DEF
Etiam a dolor vitae est vestibulum,84,DEF
Etiam a dolor vitae est vestibulum,84,DEF
Lorem ipsum dolor sit,42,ABC
Etiam a dolor vitae est vestibulum,84,DEF
Etiam a dolor vitae est vestibulum,84,DEF
Etiam a dolor vitae est vestibulum,84,DEF
Lorem ipsum dolor sit,42,ABC
Lorem ipsum dolor sit,42,ABC
Lorem ipsum dolor sit,42,ABC
Etiam a dolor vitae est vestibulum,84,DEF
Lorem ipsum dolor sit,42,ABC
Lorem ipsum dolor sit,42,ABC
Etiam a dolor vitae est vestibulum,84,DEF
Lorem ipsum dolor sit,42,ABC
Etiam a dolor vitae est vestibulum,84,DEF
Lorem ipsum dolor sit,42,ABC
Etiam a dolor vitae est vestibulum,84,DEF
Etiam a dolor vitae est vestibulum,84,DEF
Lorem ipsum dolor sit,42,ABC
Etiam a dolor vitae est vestibulum,84,DEF
Etiam a dolor vitae est vestibulum,84,DEF
Lorem ipsum dolor sit,42,ABC
Lorem ipsum dolor sit,42,ABC
Etiam a dolor vitae est vestibulum,84,DEF
Lorem ipsum dolor sit,42,ABC
Lorem ipsum dolor sit,42,ABC
Etiam a dolor vitae est vestibulum,84,DEF
Etiam a dolor vitae est vestibulum,84,DEF
Lorem ipsum dolor sit,42,ABC
Etiam a dolor vitae est vestibulum,84,DEF
Etiam a dolor vitae est vestibulum,84,DEF
Etiam a dolor vitae est vestibulum,84,DEF
Etiam a dolor vitae est vestibulum,84,DEF
Etiam a dolor vitae est vestibulum,84,DEF
Lorem ipsum dolor sit,42,ABC
Etiam a dolor vitae est vestibulum,84,DEF
Lorem ipsum dolor sit,42,ABC
Lorem ipsum dolor sit,42,ABC
Etiam a dolor vitae est vestibulum,84,DEF
Etiam a dolor vitae est vestibulum,84,DEF
Etiam a dolor vitae est vestibulum,84,DEF
Lorem ipsum dolor sit,42,ABC
Etiam a dolor vitae est vestibulum,84,DEF
Lorem ipsum dolor sit,42,ABC
Etiam a dolor vitae est vestibulum,84,DEF
Lorem ipsum dolor sit,42,ABC
Lorem ipsum dolor sit,42,ABC
Lorem ipsum dolor sit,42,ABC
Lorem ipsum dolor sit,42,ABC
Etiam a dolor vitae est vestibulum,84,DEF
Etiam a dolor vitae est vestibulum,84,DEF
Lorem ipsum dolor sit,42,ABC
Etiam a dolor vitae est vestibulum,84,DEF
Lorem ipsum dolor sit,42,ABC
Lorem ipsum dolor sit,42,ABC
Lorem ipsum dolor sit,42,ABC
Etiam a dolor vitae est vestibulum,84,DEF
Lorem ipsum dolor sit,42,ABC
Etiam a dolor vitae est vestibulum,84,DEF
Etiam a dolor vitae est vestibulum,84,DEF
Etiam a dolor vitae est vestibulum,84,DEF
Lorem ipsum dolor sit,42,ABC
Etiam a dolor vitae est vestibulum,84,DEF
Lorem ipsum dolor sit,42,ABC
Etiam a dolor vitae est vestibulum,84,DEF
Lorem ipsum dolor sit,42,ABC
Etiam a dolor vitae est vestibulum,84,DEF
Etiam a dolor vitae est vestibulum,84,DEF
Lorem ipsum dolor sit,42,ABC
Lorem ipsum dolor sit,42,ABC
Etiam a dolor vitae est vestibulum,84,DEF
Etiam a dolor vitae est vestibulum,84,DEF
Etiam a dolor vitae est vestibulum,84,DEF
Lorem ipsum dolor sit,42,ABC
Lorem ipsum dolor sit,42,ABC
Lorem ipsum dolor sit,42,ABC
Etiam a dolor vitae est vestibulum,84,DEF
Etiam a dolor vitae est vestibulum,84,DEF
Lorem ipsum dolor sit,42,ABC
Lorem ipsum dolor sit,42,ABC
Etiam a dolor vitae est vestibulum,84,DEF
Etiam a dolor vitae est vestibulum,84,DEF
Lorem ipsum dolor sit,42,ABC
Lorem ipsum dolor sit,42,ABC
Etiam a dolor vitae est vestibulum,84,DEF
Lorem ipsum dolor sit,42,ABC
Lorem ipsum dolor sit,42,ABC
Lorem ipsum dolor sit,42,ABC
Lorem ipsum dolor sit,42,ABC
Lorem ipsum dolor sit,42,ABC
Etiam a dolor vitae est vestibulum,84,DEF
Lorem ipsum dolor sit,42,ABC
Lorem ipsum dolor sit,42,ABC
Lorem ipsum dolor sit,42,ABC
Etiam a dolor vitae est vestibulum,84,DEF
Etiam a dolor vitae est vestibulum,84,DEF
Etiam a dolor vitae est vestibulum,84,DEF
Lorem ipsum dolor sit,42,ABC
Lorem ipsum dolor sit,42,ABC
Etiam a dolor vitae est vestibulum,84,DEF
Lorem ipsum dolor sit,42,ABC
Lorem ipsum dolor sit,42,ABC
Lorem ipsum dolor sit,42,ABC
Etiam a dolor vitae est vestibulum,84,DEF
Lorem ipsum dolor sit,42,ABC
Lorem ipsum dolor sit,42,ABC
Etiam a dolor vitae est vestibulum,84,DEF
Etiam a dolor vitae est vestibulum,84,DEF
Lorem ipsum dolor sit,42,ABC
Etiam a dolor vitae est vestibulum,84,DEF
Etiam a dolor vitae est vestibulum,84,DEF
Etiam a dolor vitae est vestibulum,84,DEF
Etiam a dolor vitae est vestibulum,84,DEF
Etiam a dolor vitae est vestibulum,84,DEF
Etiam a dolor vitae est vestibulum,84,DEF
Etiam a dolor vitae est vestibulum,84,DEF
Lorem ipsum dolor sit,42,ABC
Etiam a dolor vitae est vestibulum,84,DEF
Etiam a dolor vitae est vestibulum,84,DEF
Etiam a dolor vitae est vestibulum,84,DEF
Lorem ipsum dolor sit,42,ABC
Etiam a dolor vitae est vestibulum,84,DEF
Lorem ipsum dolor sit,42,ABC
Lorem ipsum dolor sit,42,ABC
Etiam a dolor vitae est vestibulum,84,DEF
Etiam a dolor vitae est vestibulum,84,DEF
Lorem ipsum dolor sit,42,ABC
Lorem ipsum dolor sit,42,ABC
Lorem ipsum dolor sit,42,ABC
Lorem ipsum dolor sit,42,ABC
Etiam a dolor vitae est vestibulum,84,DEF
Etiam a dolor vitae est vestibulum,84,DEF
Etiam a dolor vitae est vestibulum,84,DEF
Lorem ipsum dolor sit,42,ABC
Etiam a dolor vitae est vestibulum,84,DEF
Etiam a dolor vitae est vestibulum,84,DEF
Lorem ipsum dolor sit,42,ABC
Etiam a dolor vitae est vestibulum,84,DEF
Etiam a dolor vitae est vestibulum,84,DEF
Lorem ipsum dolor sit,42,ABC
Lorem ipsum dolor sit,42,ABC
Etiam a dolor vitae est vestibulum,84,DEF
Lorem ipsum dolor sit,42,ABC
Etiam a dolor vitae est vestibulum,84,DEF
Etiam a dolor vitae est vestibulum,84,DEF
Lorem ipsum dolor sit,42,ABC
Lorem ipsum dolor sit,42,ABC
Lorem ipsum dolor sit,42,ABC
Etiam a dolor vitae est vestibulum,84,DEF
Etiam a dolor vitae est vestibulum,84,DEF
Etiam a dolor vitae est vestibulum,84,DEF
Etiam a dolor vitae est vestibulum,84,DEF
Etiam a dolor vitae est vestibulum,84,DEF
Etiam a dolor vitae est vestibulum,84,DEF
Etiam a dolor vitae est vestibulum,84,DEF
Lorem ipsum dolor sit,42,ABC
Etiam a dolor vitae est vestibulum,84,DEF
Lorem ipsum dolor sit,42,ABC
Lorem ipsum dolor sit,42,ABC
Lorem ipsum dolor sit,42,ABC
Lorem ipsum dolor sit,42,ABC
Lorem ipsum dolor sit,42,ABC
Etiam a dolor vitae est vestibulum,84,DEF
Lorem ipsum dolor sit,42,ABC
Lorem ipsum dolor sit,42,ABC
Etiam a dolor vitae est vestibulum,84,DEF
Lorem ipsum dolor sit,42,ABC
Etiam a dolor vitae est vestibulum,84,DEF
Lorem ipsum dolor sit,42,ABC
Etiam a dolor vitae est vestibulum,84,DEF
Lorem ipsum dolor sit,42,ABC
Lorem ipsum dolor sit,42,ABC
Lorem ipsum dolor sit,42,ABC
Lorem ipsum dolor sit,42,ABC
Lorem ipsum dolor sit,42,ABC
Lorem ipsum dolor sit,42,ABC
Etiam a dolor vitae est vestibulum,84,DEF
Etiam a dolor vitae est vestibulum,84,DEF
Lorem ipsum dolor sit,42,ABC
Lorem ipsum dolor sit,42,ABC
Etiam a dolor vitae est vestibulum,84,DEF
Lorem ipsum dolor sit,42,ABC
Lorem ipsum dolor sit,42,ABC
Etiam a dolor vitae est vestibulum,84,DEF
Lorem ipsum dolor sit,42,ABC
Lorem ipsum dolor sit,42,ABC
Lorem ipsum dolor sit,42,ABC
Lorem ipsum dolor sit,42,ABC
Etiam a dolor vitae est vestibulum,84,DEF
Lorem ipsum dolor sit,42,ABC
Etiam a dolor vitae est vestibulum,84,DEF
Etiam a dolor vitae est vestibulum,84,DEF
Lorem ipsum dolor sit,42,ABC
Lorem ipsum dolor sit,42,ABC
Etiam a dolor vitae est vestibulum,84,DEF
Lorem ipsum dolor sit,42,ABC
Lorem ipsum dolor sit,42,ABC
Etiam a dolor vitae est vestibulum,84,DEF
Etiam a dolor vitae est vestibulum,84,DEF
Etiam a dolor vitae est vestibulum,84,DEF
Lorem ipsum dolor sit,42,ABC
Etiam a dolor vitae est vestibulum,84,DEF
Etiam a dolor vitae est vestibulum,84,DEF
Etiam a dolor vitae est vestibulum,84,DEF
Etiam a dolor vitae est vestibulum,84,DEF
Etiam a dolor vitae est vestibulum,84,DEF
Lorem ipsum dolor sit,42,ABC
Etiam a dolor vitae est vestibulum,84,DEF
Etiam a dolor vitae est vestibulum,84,DEF
Etiam a dolor vitae est vestibulum,84,DEF
Etiam a dolor vitae est vestibulum,84,DEF
Etiam a dolor vitae est vestibulum,84,DEF
Lorem ipsum dolor sit,42,ABC
Lorem ipsum dolor sit,42,ABC
Lorem ipsum dolor sit,42,ABC
Etiam a dolor vitae est vestibulum,84,DEF
Etiam a dolor vitae est vestibulum,84,DEF
Lorem ipsum dolor sit,42,ABC
Lorem ipsum dolor sit,42,ABC
Etiam a dolor vitae est vestibulum,84,DEF
Lorem ipsum dolor sit,42,ABC
Etiam a dolor vitae est vestibulum,84,DEF
Etiam a dolor vitae est vestibulum,84,DEF
Lorem ipsum dolor sit,42,ABC
Lorem ipsum dolor sit,42,ABC
Etiam a dolor vitae est vestibulum,84,DEF
Etiam a dolor vitae est vestibulum,84,DEF
Lorem ipsum dolor sit,42,ABC
Lorem ipsum dolor sit,42,ABC
Etiam a dolor vitae est vestibulum,84,DEF
Etiam a dolor vitae est vestibulum,84,DEF
Lorem ipsum dolor sit,42,ABC
Etiam a dolor vitae est vestibulum,84,DEF
Etiam a dolor vitae est vestibulum,84,DEF
Etiam a dolor vitae est vestibulum,84,DEF
Etiam a dolor vitae est vestibulum,84,DEF
Etiam a dolor vitae est vestibulum,84,DEF
Lorem ipsum dolor sit,42,ABC
Lorem ipsum dolor sit,42,ABC
Etiam a dolor vitae est vestibulum,84,DEF
Lorem ipsum dolor sit,42,ABC
Etiam a dolor vitae est vestibulum,84,DEF
Etiam a dolor vitae est vestibulum,84,DEF
Etiam a dolor vitae est vestibulum,84,DEF
Lorem ipsum dolor sit,42,ABC
Lorem ipsum dolor sit,42,ABC
Etiam a dolor vitae est vestibulum,84,DEF
Etiam a dolor vitae est vestibulum,84,DEF
Lorem ipsum dolor sit,42,ABC
Etiam a dolor vitae est vestibulum,84,DEF
Etiam a dolor vitae est vestibulum,84,DEF
Lorem ipsum dolor sit,42,ABC
Lorem ipsum dolor sit,42,ABC
Lorem ipsum dolor sit,42,ABC
Lorem ipsum dolor sit,42,ABC
Lorem ipsum dolor sit,42,ABC
Etiam a dolor vitae est vestibulum,84,DEF
Etiam a dolor vitae est vestibulum,84,DEF
Etiam a dolor vitae est vestibulum,84,DEF
Etiam a dolor vitae est vestibulum,84,DEF
Etiam a dolor vitae est vestibulum,84,DEF
Lorem ipsum dolor sit,42,ABC
Etiam a dolor vitae est vestibulum,84,DEF
Etiam a dolor vitae est vestibulum,84,DEF
Etiam a dolor vitae est vestibulum,84,DEF
Lorem ipsum dolor sit,42,ABC
Etiam a dolor vitae est vestibulum,84,DEF
Etiam a dolor vitae est vestibulum,84,DEF
Lorem ipsum dolor sit,42,ABC
Lorem ipsum dolor sit,42,ABC
Lorem ipsum dolor sit,42,ABC
Lorem ipsum dolor sit,42,ABC
Etiam a dolor vitae est vestibulum,84,DEF
Lorem ipsum dolor sit,42,ABC
Lorem ipsum dolor sit,42,ABC
Lorem ipsum dolor sit,42,ABC
Etiam a dolor vitae est vestibulum,84,DEF
Etiam a dolor vitae est vestibulum,84,DEF
Etiam a dolor vitae est vestibulum,84,DEF
Etiam a dolor vitae est vestibulum,84,DEF
Lorem ipsum dolor sit,42,ABC
Etiam a dolor vitae est vestibulum,84,DEF
Etiam a dolor vitae est vestibulum,84,DEF
Lorem ipsum dolor sit,42,ABC
Etiam a dolor vitae est vestibulum,84,DEF
Etiam a dolor vitae est vestibulum,84,DEF
Lorem ipsum dolor sit,42,ABC
Etiam a dolor vitae est vestibulum,84,DEF
Lorem ipsum dolor sit,42,ABC
Etiam a dolor vitae est vestibulum,84,DEF
Etiam a dolor vitae est vestibulum,84,DEF
Lorem ipsum dolor sit,42,ABC
Etiam a dolor vitae est vestibulum,84,DEF
Lorem ipsum dolor sit,42,ABC
Lorem ipsum dolor sit,42,ABC
Etiam a dolor vitae est vestibulum,84,DEF
Etiam a dolor vitae est vestibulum,84,DEF
Lorem ipsum dolor sit,42,ABC
Etiam a dolor vitae est vestibulum,84,DEF
Etiam a dolor vitae est vestibulum,84,DEF
Etiam a dolor vitae est vestibulum,84,DEF
Etiam a dolor vitae est vestibulum,84,DEF
Lorem ipsum dolor sit,42,ABC
Lorem ipsum dolor sit,42,ABC
Etiam a dolor vitae est vestibulum,84,DEF
Lorem ipsum dolor sit,42,ABC
Lorem ipsum dolor sit,42,ABC
Etiam a dolor vitae est vestibulum,84,DEF
Lorem ipsum dolor sit,42
Lorem ipsum dolor sit,42,ABC
